"No.","Time","DeltaDisplay","DeltaApplication","Source","Destination","Protocol","Len","ColorRule","Protocol","IP TTL","Stream#","SEQ","DNS TTL","DNS Retrans","QType","RType","Transaction ID","Info"
"1","0.000000","0.000000","","10.42.0.184","143.204.11.14","TCP","74","N-TCP SYN","TCP","64","0","0","","","","","","43327  >  https(443) [SYN] Seq=0 Win=65535 Len=0 MSS=1400 SACK_PERM=1 TSval=3587250 TSecr=0 WS=512"
"2","0.131283","0.131283","","143.204.11.14","10.42.0.184","TCP","74","N-TCP SYN","TCP","245","0","0","","","","","","https(443)  >  43327 [SYN, ACK] Seq=0 Ack=1 Win=28960 Len=0 MSS=1358 SACK_PERM=1 TSval=159322379 TSecr=3587250 WS=256"
"3","0.137770","0.006487","","10.42.0.184","143.204.11.14","TCP","66","4-TCP","TCP","64","0","1","","","","","","43327  >  https(443) [ACK] Seq=1 Ack=1 Win=84480 Len=0 TSval=3587264 TSecr=159322379"
"4","0.140266","0.002496","","10.42.0.184","143.204.11.14","TLSv1.2","583","7-TLS","TCP","64","0","1","","","","","","Client Hello"
"5","0.296316","0.156050","","143.204.11.14","10.42.0.184","TCP","66","4-TCP","TCP","245","0","1","","","","","","https(443)  >  43327 [ACK] Seq=1 Ack=518 Win=30208 Len=0 TSval=159322394 TSecr=3587264"
"6","0.296436","0.000120","","143.204.11.14","10.42.0.184","TLSv1.2","1412","4-TCP","TCP","245","0","1","","","","","","Server Hello"
"7","0.296473","0.000037","","143.204.11.14","10.42.0.184","TLSv1.2","1412","4-TCP","TCP","245","0","1347","","","","","","Ignored Unknown Record"
"8","0.296497","0.000024","","143.204.11.14","10.42.0.184","TLSv1.2","1412","4-TCP","TCP","245","0","2693","","","","","","Ignored Unknown Record"
"9","0.298261","0.001764","","143.204.11.14","10.42.0.184","TCP","1412","4-TCP","TCP","245","0","4039","","","","","","https(443)  >  43327 [ACK] Seq=4039 Ack=518 Win=30208 Len=1346 TSval=159322394 TSecr=3587264"
"10","0.298289","0.000028","","143.204.11.14","10.42.0.184","TLSv1.2","490","4-TCP","TCP","245","0","5385","","","","","","Ignored Unknown Record"
"11","0.346002","0.047713","","10.42.0.184","143.204.11.14","TCP","66","4-TCP","TCP","64","0","518","","","","","","43327  >  https(443) [ACK] Seq=518 Ack=1347 Win=87040 Len=0 TSval=3587285 TSecr=159322394"
"12","0.346065","0.000063","","10.42.0.184","143.204.11.14","TCP","66","4-TCP","TCP","64","0","518","","","","","","43327  >  https(443) [ACK] Seq=518 Ack=2693 Win=89600 Len=0 TSval=3587285 TSecr=159322394"
"13","0.346193","0.000128","","10.42.0.184","143.204.11.14","TCP","66","4-TCP","TCP","64","0","518","","","","","","43327  >  https(443) [ACK] Seq=518 Ack=4039 Win=92160 Len=0 TSval=3587285 TSecr=159322394"
"14","0.346317","0.000124","","10.42.0.184","143.204.11.14","TCP","66","4-TCP","TCP","64","0","518","","","","","","43327  >  https(443) [ACK] Seq=518 Ack=5385 Win=95232 Len=0 TSval=3587285 TSecr=159322394"
"15","0.346691","0.000374","","10.42.0.184","143.204.11.14","TCP","66","4-TCP","TCP","64","0","518","","","","","","43327  >  https(443) [ACK] Seq=518 Ack=5809 Win=97792 Len=0 TSval=3587285 TSecr=159322394"
"16","0.390780","0.044089","","10.42.0.184","143.204.11.14","TLSv1.2","192","7-TLS","TCP","64","0","518","","","","","","Client Key Exchange, Change Cipher Spec, Encrypted Handshake Message"
"17","0.403780","0.013000","","10.42.0.184","143.204.11.14","TLSv1.2","165","7-TLS","TCP","64","0","644","","","","","","Application Data"
"18","0.404526","0.000746","","10.42.0.184","143.204.11.14","TLSv1.2","374","7-TLS","TCP","64","0","743","","","","","","Application Data"
"19","0.555378","0.150852","","143.204.11.14","10.42.0.184","TCP","66","4-TCP","TCP","245","0","5809","","","","","","https(443)  >  43327 [ACK] Seq=5809 Ack=1051 Win=32256 Len=0 TSval=159322421 TSecr=3587289"
"20","0.555437","0.000059","","143.204.11.14","10.42.0.184","TCP","78","4-TCP","TCP","245","0","5809","","","","","","https(443)  >  43327 [ACK] Seq=5809 Ack=518 Win=31232 Len=0 TSval=159322421 TSecr=3587285 SLE=644 SRE=743"
"21","0.555516","0.000079","","143.204.11.14","10.42.0.184","TCP","78","4-TCP","TCP","245","0","5809","","","","","","[TCP Window Update] https(443)  >  43327 [ACK] Seq=5809 Ack=518 Win=32256 Len=0 TSval=159322421 TSecr=3587285 SLE=644 SRE=1051"
"22","0.555560","0.000044","","143.204.11.14","10.42.0.184","TLSv1.2","236","4-TCP","TCP","245","0","5809","","","","","","New Session Ticket, Change Cipher Spec, Encrypted Handshake Message"
"23","0.555600","0.000040","","143.204.11.14","10.42.0.184","TLSv1.2","144","4-TCP","TCP","245","0","5979","","","","","","Application Data"
"24","0.557300","0.001700","","143.204.11.14","10.42.0.184","TLSv1.2","1412","4-TCP","TCP","245","0","6057","","","","","",""
"25","0.557365","0.000065","","143.204.11.14","10.42.0.184","TLSv1.2","1412","4-TCP","TCP","245","0","7403","","","","","","Ignored Unknown Record"
"26","0.557411","0.000046","","143.204.11.14","10.42.0.184","TLSv1.2","1412","T-TCP ExpertError","TCP","245","0","10095","","","","","","[TCP Previous segment not captured] , Ignored Unknown Record"
"27","0.557456","0.000045","","143.204.11.14","10.42.0.184","TCP","1412","T-TCP ExpertError","TCP","245","0","8749","","","","","","[TCP Out-Of-Order] https(443)  >  43327 [ACK] Seq=8749 Ack=1051 Win=32256 Len=1346 TSval=159322421 TSecr=3587289"
"28","0.557496","0.000040","","143.204.11.14","10.42.0.184","TLSv1.2","111","4-TCP","TCP","245","0","11441","","","","","","Ignored Unknown Record"
"29","0.558826","0.001330","","10.42.0.184","143.204.11.14","TCP","66","4-TCP","TCP","64","0","1051","","","","","","43327  >  https(443) [ACK] Seq=1051 Ack=5979 Win=97792 Len=0 TSval=3587306 TSecr=159322421"
"30","0.559957","0.001131","","10.42.0.184","143.204.11.14","TCP","66","4-TCP","TCP","64","0","1051","","","","","","43327  >  https(443) [ACK] Seq=1051 Ack=6057 Win=97792 Len=0 TSval=3587306 TSecr=159322421"
"31","0.560082","0.000125","","10.42.0.184","143.204.11.14","TCP","66","4-TCP","TCP","64","0","1051","","","","","","43327  >  https(443) [ACK] Seq=1051 Ack=7403 Win=100352 Len=0 TSval=3587306 TSecr=159322421"
"32","0.560205","0.000123","","10.42.0.184","143.204.11.14","TCP","66","4-TCP","TCP","64","0","1051","","","","","","43327  >  https(443) [ACK] Seq=1051 Ack=8749 Win=102912 Len=0 TSval=3587306 TSecr=159322421"
"33","0.560247","0.000042","","10.42.0.184","143.204.11.14","TCP","78","4-TCP","TCP","64","0","1051","","","","","","[TCP Window Update] 43327  >  https(443) [ACK] Seq=1051 Ack=8749 Win=105984 Len=0 TSval=3587306 TSecr=159322421 SLE=10095 SRE=11441"
"34","0.560328","0.000081","","10.42.0.184","143.204.11.14","TCP","66","4-TCP","TCP","64","0","1051","","","","","","43327  >  https(443) [ACK] Seq=1051 Ack=11441 Win=108544 Len=0 TSval=3587306 TSecr=159322421"
"35","0.560461","0.000133","","10.42.0.184","143.204.11.14","TCP","66","4-TCP","TCP","64","0","1051","","","","","","43327  >  https(443) [ACK] Seq=1051 Ack=11486 Win=108544 Len=0 TSval=3587306 TSecr=159322421"
"36","0.572152","0.011691","","10.42.0.184","143.204.11.14","TLSv1.2","104","7-TLS","TCP","64","0","1051","","","","","","Application Data"
"37","0.753967","0.181815","","143.204.11.14","10.42.0.184","TCP","66","4-TCP","TCP","245","0","11486","","","","","","https(443)  >  43327 [ACK] Seq=11486 Ack=1089 Win=32256 Len=0 TSval=159322441 TSecr=3587308"
"38","33896998.378457","33896997.624490","","10.42.0.142","142.250.184.234","UDP","1392","7-GQUIC","UDP","64","0","","","","","","","36147  >  https(443) Len=1350"
"39","33896998.637504","0.259047","","142.250.184.234","10.42.0.142","UDP","1392","7-GQUIC","UDP","51","0","","","","","","","https(443)  >  36147 Len=1350"
"40","33896998.640547","0.003043","","10.42.0.142","142.250.184.234","UDP","1392","7-GQUIC","UDP","64","0","","","","","","","36147  >  https(443) Len=1350"
"41","33896998.646326","0.005779","","142.250.184.234","10.42.0.142","UDP","1392","7-GQUIC","UDP","52","0","","","","","","","https(443)  >  36147 Len=1350"
"42","33896998.646339","0.000013","","142.250.184.234","10.42.0.142","UDP","542","7-GQUIC","UDP","52","0","","","","","","","https(443)  >  36147 Len=500"
"43","33896998.646342","0.000003","","142.250.184.234","10.42.0.142","UDP","1392","7-GQUIC","UDP","52","0","","","","","","","https(443)  >  36147 Len=1350"
"44","33896998.646804","0.000462","","10.42.0.142","142.250.184.234","UDP","83","7-GQUIC","UDP","64","0","","","","","","","36147  >  https(443) Len=41"
"45","33896998.646976","0.000172","","10.42.0.142","142.250.184.234","UDP","83","7-GQUIC","UDP","64","0","","","","","","","36147  >  https(443) Len=41"
"46","33896998.649447","0.002471","","10.42.0.142","142.250.184.234","UDP","125","7-GQUIC","UDP","64","0","","","","","","","36147  >  https(443) Len=83"
"47","33896998.649590","0.000143","","10.42.0.142","142.250.184.234","UDP","111","7-GQUIC","UDP","64","0","","","","","","","36147  >  https(443) Len=69"
"48","33896998.663432","0.013842","","10.42.0.142","142.250.184.234","UDP","523","7-GQUIC","UDP","64","0","","","","","","","36147  >  https(443) Len=481"
"49","33896998.815471","0.152039","","142.250.184.234","10.42.0.142","UDP","119","7-GQUIC","UDP","52","0","","","","","","","https(443)  >  36147 Len=77"
"50","33896998.816288","0.000817","","142.250.184.234","10.42.0.142","UDP","664","7-GQUIC","UDP","52","0","","","","","","","https(443)  >  36147 Len=622"
"51","33896998.816369","0.000081","","10.42.0.142","142.250.184.234","UDP","75","7-GQUIC","UDP","64","0","","","","","","","36147  >  https(443) Len=33"
"52","33896998.816599","0.000230","","10.42.0.142","142.250.184.234","UDP","75","7-GQUIC","UDP","64","0","","","","","","","36147  >  https(443) Len=33"
"53","33896998.823758","0.007159","","10.42.0.142","142.250.184.234","UDP","164","7-GQUIC","UDP","64","0","","","","","","","36147  >  https(443) Len=122"
"54","33896998.842997","0.019239","","142.250.184.234","10.42.0.142","UDP","67","7-GQUIC","UDP","52","0","","","","","","","https(443)  >  36147 Len=25"
"55","33896998.893781","0.050784","","142.250.184.234","10.42.0.142","UDP","69","7-GQUIC","UDP","52","0","","","","","","","https(443)  >  36147 Len=27"
"56","33896998.901870","0.008089","","142.250.184.234","10.42.0.142","UDP","1388","7-GQUIC","UDP","52","0","","","","","","","https(443)  >  36147 Len=1346"
"57","33896998.902242","0.000372","","142.250.184.234","10.42.0.142","UDP","636","7-GQUIC","UDP","52","0","","","","","","","https(443)  >  36147 Len=594"
"58","33896998.902267","0.000025","","10.42.0.142","142.250.184.234","UDP","77","7-GQUIC","UDP","64","0","","","","","","","36147  >  https(443) Len=35"
"59","33896998.928177","0.025910","","10.42.0.142","142.250.184.234","UDP","75","7-GQUIC","UDP","64","0","","","","","","","36147  >  https(443) Len=33"
"60","33896999.066460","0.138283","","142.250.184.234","10.42.0.142","UDP","69","7-GQUIC","UDP","52","0","","","","","","","https(443)  >  36147 Len=27"
"61","33896999.075728","0.009268","","142.250.184.234","10.42.0.142","UDP","1388","7-GQUIC","UDP","52","0","","","","","","","https(443)  >  36147 Len=1346"
"62","33896999.076090","0.000362","","10.42.0.142","142.250.184.234","UDP","77","7-GQUIC","UDP","64","0","","","","","","","36147  >  https(443) Len=35"
"63","33896999.080619","0.004529","","142.250.184.234","10.42.0.142","UDP","402","7-GQUIC","UDP","52","0","","","","","","","https(443)  >  36147 Len=360"
"64","33896999.109582","0.028963","","10.42.0.142","142.250.184.234","UDP","75","7-GQUIC","UDP","64","0","","","","","","","36147  >  https(443) Len=33"
"65","33896999.152966","0.043384","","142.250.184.234","10.42.0.142","UDP","67","7-GQUIC","UDP","52","0","","","","","","","https(443)  >  36147 Len=25"
"66","33896999.325223","0.172257","","142.250.184.234","10.42.0.142","UDP","67","7-GQUIC","UDP","52","0","","","","","","","https(443)  >  36147 Len=25"
"67","33896999.644546","0.319323","","10.42.0.142","142.250.184.234","UDP","100","7-GQUIC","UDP","64","0","","","","","","","36147  >  https(443) Len=58"
"68","33896999.848880","0.204334","","142.250.184.234","10.42.0.142","UDP","69","7-GQUIC","UDP","51","0","","","","","","","https(443)  >  36147 Len=27"
"69","33896999.857617","0.008737","","142.250.184.234","10.42.0.142","UDP","1388","7-GQUIC","UDP","51","0","","","","","","","https(443)  >  36147 Len=1346"
"70","33896999.857640","0.000023","","142.250.184.234","10.42.0.142","UDP","421","7-GQUIC","UDP","51","0","","","","","","","https(443)  >  36147 Len=379"
"71","33896999.858231","0.000591","","10.42.0.142","142.250.184.234","UDP","77","7-GQUIC","UDP","64","0","","","","","","","36147  >  https(443) Len=35"
"72","33896999.884532","0.026301","","10.42.0.142","142.250.184.234","UDP","75","7-GQUIC","UDP","64","0","","","","","","","36147  >  https(443) Len=33"
"73","33897000.216888","0.332356","","10.42.0.142","142.250.184.234","UDP","75","7-GQUIC","UDP","64","0","","","","","","","36147  >  https(443) Len=33"
"74","33897000.372106","0.155218","","142.250.184.234","10.42.0.142","UDP","67","7-GQUIC","UDP","51","0","","","","","","","https(443)  >  36147 Len=25"
"75","33897001.363262","0.991156","","10.42.0.142","142.250.184.234","UDP","101","7-GQUIC","UDP","64","0","","","","","","","36147  >  https(443) Len=59"
"76","33897001.557233","0.193971","","142.250.184.234","10.42.0.142","UDP","71","7-GQUIC","UDP","51","0","","","","","","","https(443)  >  36147 Len=29"
"77","33897001.557857","0.000624","","10.42.0.142","142.250.184.234","UDP","75","7-GQUIC","UDP","64","0","","","","","","","36147  >  https(443) Len=33"
"78","33897001.566207","0.008350","","142.250.184.234","10.42.0.142","UDP","1388","7-GQUIC","UDP","51","0","","","","","","","https(443)  >  36147 Len=1346"
"79","33897001.566228","0.000021","","142.250.184.234","10.42.0.142","UDP","421","7-GQUIC","UDP","51","0","","","","","","","https(443)  >  36147 Len=379"
"80","33897001.566647","0.000419","","10.42.0.142","142.250.184.234","UDP","79","7-GQUIC","UDP","64","0","","","","","","","36147  >  https(443) Len=37"
"81","33897001.566704","0.000057","","10.42.0.142","142.250.184.234","UDP","75","7-GQUIC","UDP","64","0","","","","","","","36147  >  https(443) Len=33"
"82","33897001.785657","0.218953","","142.250.184.234","10.42.0.142","UDP","67","7-GQUIC","UDP","51","0","","","","","","","https(443)  >  36147 Len=25"
"83","33897002.741678","0.956021","","10.42.0.142","142.250.184.234","UDP","101","7-GQUIC","UDP","64","0","","","","","","","36147  >  https(443) Len=59"
"84","33897002.936572","0.194894","","142.250.184.234","10.42.0.142","UDP","69","7-GQUIC","UDP","51","0","","","","","","","https(443)  >  36147 Len=27"
"85","33897002.944900","0.008328","","142.250.184.234","10.42.0.142","UDP","1388","7-GQUIC","UDP","51","0","","","","","","","https(443)  >  36147 Len=1346"
"86","33897002.945268","0.000368","","142.250.184.234","10.42.0.142","UDP","421","7-GQUIC","UDP","51","0","","","","","","","https(443)  >  36147 Len=379"
"87","33897002.945320","0.000052","","10.42.0.142","142.250.184.234","UDP","77","7-GQUIC","UDP","64","0","","","","","","","36147  >  https(443) Len=35"
"88","33897002.976838","0.031518","","10.42.0.142","142.250.184.234","UDP","75","7-GQUIC","UDP","64","0","","","","","","","36147  >  https(443) Len=33"
"89","33897003.226221","0.249383","","142.250.184.234","10.42.0.142","UDP","67","7-GQUIC","UDP","51","0","","","","","","","https(443)  >  36147 Len=25"
"90","33897003.975067","0.748846","","10.42.0.142","142.250.184.234","UDP","101","7-GQUIC","UDP","64","0","","","","","","","36147  >  https(443) Len=59"
"91","33897004.251477","0.276410","","142.250.184.234","10.42.0.142","UDP","69","7-GQUIC","UDP","51","0","","","","","","","https(443)  >  36147 Len=27"
"92","33897004.259821","0.008344","","142.250.184.234","10.42.0.142","UDP","1388","7-GQUIC","UDP","51","0","","","","","","","https(443)  >  36147 Len=1346"
"93","33897004.260153","0.000332","","142.250.184.234","10.42.0.142","UDP","421","7-GQUIC","UDP","51","0","","","","","","","https(443)  >  36147 Len=379"
"94","33897004.266321","0.006168","","10.42.0.142","142.250.184.234","UDP","77","7-GQUIC","UDP","64","0","","","","","","","36147  >  https(443) Len=35"
"95","33897004.293867","0.027546","","10.42.0.142","142.250.184.234","UDP","75","7-GQUIC","UDP","64","0","","","","","","","36147  >  https(443) Len=33"
"96","33897004.562608","0.268741","","142.250.184.234","10.42.0.142","UDP","67","7-GQUIC","UDP","51","0","","","","","","","https(443)  >  36147 Len=25"
"97","33897004.826169","0.263561","","10.42.0.142","142.250.184.234","UDP","101","7-GQUIC","UDP","64","0","","","","","","","36147  >  https(443) Len=59"
"98","33897005.174036","0.347867","","10.42.0.142","142.250.184.234","UDP","101","7-GQUIC","UDP","64","0","","","","","","","36147  >  https(443) Len=59"
"99","33897005.199122","0.025086","","142.250.184.234","10.42.0.142","UDP","69","7-GQUIC","UDP","52","0","","","","","","","https(443)  >  36147 Len=27"
"100","33897005.199128","0.000006","","142.250.184.234","10.42.0.142","UDP","1388","7-GQUIC","UDP","52","0","","","","","","","https(443)  >  36147 Len=1346"
"101","33897005.199132","0.000004","","142.250.184.234","10.42.0.142","UDP","392","7-GQUIC","UDP","52","0","","","","","","","https(443)  >  36147 Len=350"
"102","33897005.205197","0.006065","","10.42.0.142","142.250.184.234","UDP","77","7-GQUIC","UDP","64","0","","","","","","","36147  >  https(443) Len=35"
"103","33897005.235229","0.030032","","10.42.0.142","142.250.184.234","UDP","75","7-GQUIC","UDP","64","0","","","","","","","36147  >  https(443) Len=33"
"104","33897005.394526","0.159297","","142.250.184.234","10.42.0.142","UDP","67","7-GQUIC","UDP","52","0","","","","","","","https(443)  >  36147 Len=25"
"105","33897005.595242","0.200716","","10.42.0.142","142.250.184.234","UDP","75","7-GQUIC","UDP","64","0","","","","","","","36147  >  https(443) Len=33"
"106","33897005.613393","0.018151","","142.250.184.234","10.42.0.142","UDP","67","7-GQUIC","UDP","52","0","","","","","","","https(443)  >  36147 Len=25"
"107","33897005.619507","0.006114","","10.42.0.142","142.250.184.234","UDP","75","7-GQUIC","UDP","64","0","","","","","","","36147  >  https(443) Len=33"
"108","33897005.822689","0.203182","","142.250.184.234","10.42.0.142","UDP","71","7-GQUIC","UDP","52","0","","","","","","","https(443)  >  36147 Len=29"
"109","33897005.861410","0.038721","","142.250.184.234","10.42.0.142","UDP","67","7-GQUIC","UDP","52","0","","","","","","","https(443)  >  36147 Len=25"
"110","33897005.861809","0.000399","","10.42.0.142","142.250.184.234","UDP","77","7-GQUIC","UDP","64","0","","","","","","","36147  >  https(443) Len=35"
"111","33897007.557736","1.695927","","10.42.0.142","142.250.184.234","UDP","195","7-GQUIC","UDP","64","0","","","","","","","36147  >  https(443) Len=153"
"112","33897007.809202","0.251466","","142.250.184.234","10.42.0.142","UDP","71","7-GQUIC","UDP","52","0","","","","","","","https(443)  >  36147 Len=29"
"113","33897007.809204","0.000002","","142.250.184.234","10.42.0.142","UDP","1388","7-GQUIC","UDP","52","0","","","","","","","https(443)  >  36147 Len=1346"
"114","33897007.809206","0.000002","","142.250.184.234","10.42.0.142","UDP","462","7-GQUIC","UDP","52","0","","","","","","","https(443)  >  36147 Len=420"
"115","33897007.809746","0.000540","","10.42.0.142","142.250.184.234","UDP","77","7-GQUIC","UDP","64","0","","","","","","","36147  >  https(443) Len=35"
"116","33897007.835984","0.026238","","10.42.0.142","142.250.184.234","UDP","75","7-GQUIC","UDP","64","0","","","","","","","36147  >  https(443) Len=33"
"117","33897008.179124","0.343140","","10.42.0.142","142.250.184.234","UDP","75","7-GQUIC","UDP","64","0","","","","","","","36147  >  https(443) Len=33"
"118","33897008.356121","0.176997","","142.250.184.234","10.42.0.142","UDP","69","7-GQUIC","UDP","52","0","","","","","","","https(443)  >  36147 Len=27"
"119","33897021.769762","13.413641","","10.42.0.142","142.250.184.234","UDP","101","7-GQUIC","UDP","64","0","","","","","","","36147  >  https(443) Len=59"
"120","33897022.063993","0.294231","","142.250.184.234","10.42.0.142","UDP","73","7-GQUIC","UDP","51","0","","","","","","","https(443)  >  36147 Len=31"
"121","33897022.072947","0.008954","","142.250.184.234","10.42.0.142","UDP","1388","7-GQUIC","UDP","51","0","","","","","","","https(443)  >  36147 Len=1346"
"122","33897022.072960","0.000013","","142.250.184.234","10.42.0.142","UDP","457","7-GQUIC","UDP","51","0","","","","","","","https(443)  >  36147 Len=415"
"123","33897022.074343","0.001383","","10.42.0.142","142.250.184.234","UDP","77","7-GQUIC","UDP","64","0","","","","","","","36147  >  https(443) Len=35"
"124","33897022.105923","0.031580","","10.42.0.142","142.250.184.234","UDP","75","7-GQUIC","UDP","64","0","","","","","","","36147  >  https(443) Len=33"
"125","33897022.440787","0.334864","","10.42.0.142","142.250.184.234","UDP","75","7-GQUIC","UDP","64","0","","","","","","","36147  >  https(443) Len=33"
"126","33897022.799087","0.358300","","142.250.184.234","10.42.0.142","UDP","67","7-GQUIC","UDP","51","0","","","","","","","https(443)  >  36147 Len=25"
"127","41396922.540788","7499899.741701","","10.42.0.196","10.42.0.1","DNS","74","7-DNS","UDP","64","1","","","","A (Host Address)","","0xb6e2","Standard query 0xb6e2 A g.whatsapp.net"
"128","41396922.811900","0.271112","0.271112000","10.42.0.1","10.42.0.196","DNS","113","7-DNS","UDP","64","1","","899,60","","A (Host Address)","CNAME (Canonical NAME for an alias),A (Host Address)","0xb6e2","Standard query response 0xb6e2 A g.whatsapp.net CNAME chat.cdn.whatsapp.net A 31.13.64.53"
"129","41396922.746246","-0.065654","","10.42.0.196","10.42.0.1","DNS","83","7-DNS","UDP","64","2","","","","A (Host Address)","","0xe5ab","Standard query 0xe5ab A youtubei.googleapis.com"
"130","41396923.179287","0.433041","0.433041000","10.42.0.1","10.42.0.196","DNS","83","7-DNS","UDP","64","2","","","","A (Host Address)","","0xe5ab","Standard query response 0xe5ab Server failure A youtubei.googleapis.com"
"131","41396922.746307","-0.432980","","10.42.0.196","10.42.0.1","DNS","83","7-DNS","UDP","64","3","","","","A (Host Address)","","0xede3","Standard query 0xede3 A youtubei.googleapis.com"
"132","41396923.179278","0.432971","0.432971000","10.42.0.1","10.42.0.196","DNS","83","7-DNS","UDP","64","3","","","","A (Host Address)","","0xede3","Standard query response 0xede3 Server failure A youtubei.googleapis.com"
"133","41396922.819114","-0.360164","","10.42.0.196","chat.cdn.whatsapp.net","TCP","74","N-TCP SYN","TCP","64","1","0","","","","","","38576  >  xmpp-client(5222) [SYN] Seq=0 Win=65535 Len=0 MSS=1460 SACK_PERM=1 TSval=3098277 TSecr=0 WS=512"
"134","41396923.026322","0.207208","","chat.cdn.whatsapp.net","10.42.0.196","TCP","74","N-TCP SYN","TCP","78","1","0","","","","","","xmpp-client(5222)  >  38576 [SYN, ACK] Seq=0 Ack=1 Win=65535 Len=0 MSS=1392 SACK_PERM=1 TSval=2952986842 TSecr=3098277 WS=256"
"135","41396923.026916","0.000594","","10.42.0.196","chat.cdn.whatsapp.net","TCP","66","4-TCP","TCP","64","1","1","","","","","","38576  >  xmpp-client(5222) [ACK] Seq=1 Ack=1 Win=88064 Len=0 TSval=3098298 TSecr=2952986842"
"136","41396923.050852","0.023936","","10.42.0.196","chat.cdn.whatsapp.net","TCP","70","4-TCP","TCP","64","1","1","","","","","","38576  >  xmpp-client(5222) [PSH, ACK] Seq=1 Ack=1 Win=88064 Len=4 TSval=3098300 TSecr=2952986842"
"137","41396923.230615","0.179763","","chat.cdn.whatsapp.net","10.42.0.196","TCP","66","4-TCP","TCP","78","1","1","","","","","","xmpp-client(5222)  >  38576 [ACK] Seq=1 Ack=5 Win=65536 Len=0 TSval=2952987072 TSecr=3098300"
"138","41396923.232187","0.001572","","10.42.0.196","chat.cdn.whatsapp.net","TCP","336","4-TCP","TCP","64","1","5","","","","","","38576  >  xmpp-client(5222) [PSH, ACK] Seq=5 Ack=1 Win=88064 Len=270 TSval=3098318 TSecr=2952987072"
"139","41396923.351160","0.118973","","chat.cdn.whatsapp.net","10.42.0.196","TCP","66","4-TCP","TCP","78","1","1","","","","","","xmpp-client(5222)  >  38576 [ACK] Seq=1 Ack=275 Win=66816 Len=0 TSval=2952987260 TSecr=3098318"
"140","41396923.443880","0.092720","","chat.cdn.whatsapp.net","10.42.0.196","TCP","123","4-TCP","TCP","78","1","1","","","","","","xmpp-client(5222)  >  38576 [PSH, ACK] Seq=1 Ack=275 Win=66816 Len=57 TSval=2952987352 TSecr=3098318"
"141","41396923.443909","0.000029","","chat.cdn.whatsapp.net","10.42.0.196","TCP","123","4-TCP","TCP","78","1","58","","","","","","xmpp-client(5222)  >  38576 [PSH, ACK] Seq=58 Ack=275 Win=66816 Len=57 TSval=2952987352 TSecr=3098318"
"142","41396923.444429","0.000520","","10.42.0.196","chat.cdn.whatsapp.net","TCP","66","4-TCP","TCP","64","1","275","","","","","","38576  >  xmpp-client(5222) [ACK] Seq=275 Ack=58 Win=88064 Len=0 TSval=3098340 TSecr=2952987352"
"143","41396923.444668","0.000239","","10.42.0.196","chat.cdn.whatsapp.net","TCP","66","4-TCP","TCP","64","1","275","","","","","","38576  >  xmpp-client(5222) [ACK] Seq=275 Ack=115 Win=88064 Len=0 TSval=3098340 TSecr=2952987352"
"144","41396923.450256","0.005588","","10.42.0.196","chat.cdn.whatsapp.net","TCP","69","4-TCP","TCP","64","1","275","","","","","","38576  >  xmpp-client(5222) [PSH, ACK] Seq=275 Ack=115 Win=88064 Len=3 TSval=3098340 TSecr=2952987352"
"145","41396923.560313","0.110057","","chat.cdn.whatsapp.net","10.42.0.196","TCP","66","4-TCP","TCP","78","1","115","","","","","","xmpp-client(5222)  >  38576 [ACK] Seq=115 Ack=278 Win=66816 Len=0 TSval=2952987469 TSecr=3098340"
"146","41396923.560644","0.000331","","chat.cdn.whatsapp.net","10.42.0.196","TCP","112","4-TCP","TCP","78","1","115","","","","","","xmpp-client(5222)  >  38576 [PSH, ACK] Seq=115 Ack=278 Win=66816 Len=46 TSval=2952987470 TSecr=3098340"
"147","41396923.561222","0.000578","","chat.cdn.whatsapp.net","10.42.0.196","TCP","248","4-TCP","TCP","78","1","161","","","","","","xmpp-client(5222)  >  38576 [PSH, ACK] Seq=161 Ack=278 Win=66816 Len=182 TSval=2952987470 TSecr=3098340"
"148","41396923.561274","0.000052","","10.42.0.196","chat.cdn.whatsapp.net","TCP","141","4-TCP","TCP","64","1","278","","","","","","38576  >  xmpp-client(5222) [PSH, ACK] Seq=278 Ack=115 Win=88064 Len=75 TSval=3098351 TSecr=2952987469"
"149","41396923.562015","0.000741","","10.42.0.196","chat.cdn.whatsapp.net","TCP","66","4-TCP","TCP","64","1","353","","","","","","38576  >  xmpp-client(5222) [ACK] Seq=353 Ack=343 Win=88064 Len=0 TSval=3098351 TSecr=2952987470"
"150","41396923.625412","0.063397","","chat.cdn.whatsapp.net","10.42.0.196","TCP","103","4-TCP","TCP","78","1","343","","","","","","xmpp-client(5222)  >  38576 [PSH, ACK] Seq=343 Ack=278 Win=66816 Len=37 TSval=2952987534 TSecr=3098340"
"151","41396923.663206","0.037794","","10.42.0.196","chat.cdn.whatsapp.net","TCP","66","4-TCP","TCP","64","1","353","","","","","","38576  >  xmpp-client(5222) [ACK] Seq=353 Ack=380 Win=88064 Len=0 TSval=3098362 TSecr=2952987534"
"152","41396923.672361","0.009155","","chat.cdn.whatsapp.net","10.42.0.196","TCP","66","4-TCP","TCP","78","1","380","","","","","","xmpp-client(5222)  >  38576 [ACK] Seq=380 Ack=353 Win=66816 Len=0 TSval=2952987581 TSecr=3098351"
"153","41396923.757777","0.085416","","chat.cdn.whatsapp.net","10.42.0.196","TCP","261","4-TCP","TCP","78","1","380","","","","","","xmpp-client(5222)  >  38576 [PSH, ACK] Seq=380 Ack=353 Win=66816 Len=195 TSval=2952987666 TSecr=3098351"
"154","41396923.761007","0.003230","","10.42.0.196","chat.cdn.whatsapp.net","TCP","66","4-TCP","TCP","64","1","353","","","","","","38576  >  xmpp-client(5222) [ACK] Seq=353 Ack=575 Win=88064 Len=0 TSval=3098371 TSecr=2952987666"
"155","41396923.771754","0.010747","","chat.cdn.whatsapp.net","10.42.0.196","TCP","1446","4-TCP","TCP","78","1","575","","","","","","xmpp-client(5222)  >  38576 [ACK] Seq=575 Ack=353 Win=66816 Len=1380 TSval=2952987679 TSecr=3098351"
"156","41396923.772193","0.000439","","chat.cdn.whatsapp.net","10.42.0.196","TCP","438","T-TCP ExpertError","TCP","78","1","2066","","","","","","[TCP Previous segment not captured] xmpp-client(5222)  >  38576 [PSH, ACK] Seq=2066 Ack=353 Win=66816 Len=372 TSval=2952987679 TSecr=3098351"
"157","41396923.772225","0.000032","","chat.cdn.whatsapp.net","10.42.0.196","TCP","177","T-TCP ExpertError","TCP","78","1","1955","","","","","","[TCP Out-Of-Order] xmpp-client(5222)  >  38576 [PSH, ACK] Seq=1955 Ack=353 Win=66816 Len=111 TSval=2952987679 TSecr=3098351"
"158","41396923.773505","0.001280","","10.42.0.196","chat.cdn.whatsapp.net","TCP","66","4-TCP","TCP","64","1","353","","","","","","38576  >  xmpp-client(5222) [ACK] Seq=353 Ack=1955 Win=90624 Len=0 TSval=3098373 TSecr=2952987679"
"159","41396923.773567","0.000062","","10.42.0.196","chat.cdn.whatsapp.net","TCP","78","4-TCP","TCP","64","1","353","","","","","","[TCP Window Update] 38576  >  xmpp-client(5222) [ACK] Seq=353 Ack=1955 Win=93184 Len=0 TSval=3098373 TSecr=2952987679 SLE=2066 SRE=2438"
"160","41396923.773606","0.000039","","10.42.0.196","chat.cdn.whatsapp.net","TCP","66","4-TCP","TCP","64","1","353","","","","","","38576  >  xmpp-client(5222) [ACK] Seq=353 Ack=2438 Win=93184 Len=0 TSval=3098373 TSecr=2952987679"
"161","41396925.242414","1.468808","","10.42.0.196","chat.cdn.whatsapp.net","TCP","69","4-TCP","TCP","64","1","353","","","","","","38576  >  xmpp-client(5222) [PSH, ACK] Seq=353 Ack=2438 Win=93184 Len=3 TSval=3098518 TSecr=2952987679"
"162","41396925.444199","0.201785","","chat.cdn.whatsapp.net","10.42.0.196","TCP","66","4-TCP","TCP","78","1","2438","","","","","","xmpp-client(5222)  >  38576 [ACK] Seq=2438 Ack=356 Win=66816 Len=0 TSval=2952989262 TSecr=3098518"
"163","41396925.447196","0.002997","","10.42.0.196","chat.cdn.whatsapp.net","TCP","99","4-TCP","TCP","64","1","356","","","","","","38576  >  xmpp-client(5222) [PSH, ACK] Seq=356 Ack=2438 Win=93184 Len=33 TSval=3098540 TSecr=2952989262"
"164","41396925.594380","0.147184","","chat.cdn.whatsapp.net","10.42.0.196","TCP","66","4-TCP","TCP","78","1","2438","","","","","","xmpp-client(5222)  >  38576 [ACK] Seq=2438 Ack=389 Win=66816 Len=0 TSval=2952989467 TSecr=3098540"
"165","41396927.955654","2.361274","","10.42.0.196","chat.cdn.whatsapp.net","TCP","69","4-TCP","TCP","64","1","389","","","","","","38576  >  xmpp-client(5222) [PSH, ACK] Seq=389 Ack=2438 Win=93184 Len=3 TSval=3098789 TSecr=2952989467"
"166","41396928.065803","0.110149","","chat.cdn.whatsapp.net","10.42.0.196","TCP","66","4-TCP","TCP","78","1","2438","","","","","","xmpp-client(5222)  >  38576 [ACK] Seq=2438 Ack=392 Win=66816 Len=0 TSval=2952991974 TSecr=3098789"
"167","41396928.066561","0.000758","","10.42.0.196","chat.cdn.whatsapp.net","TCP","321","4-TCP","TCP","64","1","392","","","","","","38576  >  xmpp-client(5222) [PSH, ACK] Seq=392 Ack=2438 Win=93184 Len=255 TSval=3098802 TSecr=2952991974"
"168","41396928.177445","0.110884","","chat.cdn.whatsapp.net","10.42.0.196","TCP","66","4-TCP","TCP","78","1","2438","","","","","","xmpp-client(5222)  >  38576 [ACK] Seq=2438 Ack=647 Win=67840 Len=0 TSval=2952992087 TSecr=3098802"
"169","41396928.375343","0.197898","","chat.cdn.whatsapp.net","10.42.0.196","TCP","177","T-TCP ExpertError","TCP","78","1","3818","","","","","","[TCP Previous segment not captured] xmpp-client(5222)  >  38576 [PSH, ACK] Seq=3818 Ack=647 Win=67840 Len=111 TSval=2952992285 TSecr=3098802"
"170","41396928.376472","0.001129","","10.42.0.196","chat.cdn.whatsapp.net","TCP","78","N-TCP Dup Ack","TCP","64","1","647","","","","","","[TCP Dup ACK 160#1] 38576  >  xmpp-client(5222) [ACK] Seq=647 Ack=2438 Win=93184 Len=0 TSval=3098833 TSecr=2952992087 SLE=3818 SRE=3929"
"171","41396928.377614","0.001142","","chat.cdn.whatsapp.net","10.42.0.196","TCP","1446","T-TCP ExpertError","TCP","78","1","2438","","","","","","[TCP Out-Of-Order] xmpp-client(5222)  >  38576 [ACK] Seq=2438 Ack=647 Win=67840 Len=1380 TSval=2952992285 TSecr=3098802"
"172","41396928.378843","0.001229","","10.42.0.196","chat.cdn.whatsapp.net","TCP","66","4-TCP","TCP","64","1","647","","","","","","38576  >  xmpp-client(5222) [ACK] Seq=647 Ack=3929 Win=96256 Len=0 TSval=3098833 TSecr=2952992285"
"173","41396928.380401","0.001558","","chat.cdn.whatsapp.net","10.42.0.196","TCP","710","4-TCP","TCP","78","1","3929","","","","","","xmpp-client(5222)  >  38576 [PSH, ACK] Seq=3929 Ack=647 Win=67840 Len=644 TSval=2952992289 TSecr=3098802"
"174","41396928.381412","0.001011","","10.42.0.196","chat.cdn.whatsapp.net","TCP","66","4-TCP","TCP","64","1","647","","","","","","38576  >  xmpp-client(5222) [ACK] Seq=647 Ack=4573 Win=98816 Len=0 TSval=3098833 TSecr=2952992289"
"175","41396928.815818","0.434406","","10.42.0.196","chat.cdn.whatsapp.net","TCP","69","4-TCP","TCP","64","1","647","","","","","","38576  >  xmpp-client(5222) [PSH, ACK] Seq=647 Ack=4573 Win=98816 Len=3 TSval=3098877 TSecr=2952992289"
"176","41396928.925432","0.109614","","chat.cdn.whatsapp.net","10.42.0.196","TCP","66","4-TCP","TCP","78","1","4573","","","","","","xmpp-client(5222)  >  38576 [ACK] Seq=4573 Ack=650 Win=67840 Len=0 TSval=2952992835 TSecr=3098877"
"177","41396928.929032","0.003600","","10.42.0.196","chat.cdn.whatsapp.net","TCP","603","4-TCP","TCP","64","1","650","","","","","","38576  >  xmpp-client(5222) [PSH, ACK] Seq=650 Ack=4573 Win=98816 Len=537 TSval=3098888 TSecr=2952992835"
"178","41396929.042398","0.113366","","chat.cdn.whatsapp.net","10.42.0.196","TCP","66","4-TCP","TCP","78","1","4573","","","","","","xmpp-client(5222)  >  38576 [ACK] Seq=4573 Ack=1187 Win=68864 Len=0 TSval=2952992952 TSecr=3098888"
"179","41396929.128092","0.085694","","chat.cdn.whatsapp.net","10.42.0.196","TCP","123","4-TCP","TCP","78","1","4573","","","","","","xmpp-client(5222)  >  38576 [PSH, ACK] Seq=4573 Ack=1187 Win=68864 Len=57 TSval=2952993036 TSecr=3098888"
"180","41396929.128128","0.000036","","chat.cdn.whatsapp.net","10.42.0.196","TCP","123","4-TCP","TCP","78","1","4630","","","","","","xmpp-client(5222)  >  38576 [PSH, ACK] Seq=4630 Ack=1187 Win=68864 Len=57 TSval=2952993037 TSecr=3098888"
"181","41396929.128149","0.000021","","chat.cdn.whatsapp.net","10.42.0.196","TCP","123","4-TCP","TCP","78","1","4687","","","","","","xmpp-client(5222)  >  38576 [PSH, ACK] Seq=4687 Ack=1187 Win=68864 Len=57 TSval=2952993037 TSecr=3098888"
"182","41396929.128160","0.000011","","chat.cdn.whatsapp.net","10.42.0.196","TCP","123","4-TCP","TCP","78","1","4744","","","","","","xmpp-client(5222)  >  38576 [PSH, ACK] Seq=4744 Ack=1187 Win=68864 Len=57 TSval=2952993037 TSecr=3098888"
"183","41396929.128901","0.000741","","chat.cdn.whatsapp.net","10.42.0.196","TCP","123","4-TCP","TCP","78","1","4801","","","","","","xmpp-client(5222)  >  38576 [PSH, ACK] Seq=4801 Ack=1187 Win=68864 Len=57 TSval=2952993037 TSecr=3098888"
"184","41396929.129430","0.000529","","10.42.0.196","chat.cdn.whatsapp.net","TCP","66","4-TCP","TCP","64","1","1187","","","","","","38576  >  xmpp-client(5222) [ACK] Seq=1187 Ack=4630 Win=98816 Len=0 TSval=3098908 TSecr=2952993036"
"185","41396929.129589","0.000159","","10.42.0.196","chat.cdn.whatsapp.net","TCP","66","4-TCP","TCP","64","1","1187","","","","","","38576  >  xmpp-client(5222) [ACK] Seq=1187 Ack=4687 Win=98816 Len=0 TSval=3098908 TSecr=2952993037"
"186","41396929.129733","0.000144","","10.42.0.196","chat.cdn.whatsapp.net","TCP","66","4-TCP","TCP","64","1","1187","","","","","","38576  >  xmpp-client(5222) [ACK] Seq=1187 Ack=4744 Win=98816 Len=0 TSval=3098908 TSecr=2952993037"
"187","41396929.130329","0.000596","","10.42.0.196","chat.cdn.whatsapp.net","TCP","66","4-TCP","TCP","64","1","1187","","","","","","38576  >  xmpp-client(5222) [ACK] Seq=1187 Ack=4801 Win=98816 Len=0 TSval=3098908 TSecr=2952993037"
"188","41396929.130345","0.000016","","10.42.0.196","chat.cdn.whatsapp.net","TCP","66","4-TCP","TCP","64","1","1187","","","","","","38576  >  xmpp-client(5222) [ACK] Seq=1187 Ack=4858 Win=98816 Len=0 TSval=3098908 TSecr=2952993037"
"189","41396929.628607","0.498262","","chat.cdn.whatsapp.net","10.42.0.196","TCP","178","4-TCP","TCP","78","1","4858","","","","","","xmpp-client(5222)  >  38576 [PSH, ACK] Seq=4858 Ack=1187 Win=68864 Len=112 TSval=2952993538 TSecr=3098908"
"190","41396929.863612","0.235005","","10.42.0.196","chat.cdn.whatsapp.net","TCP","66","4-TCP","TCP","64","1","1187","","","","","","38576  >  xmpp-client(5222) [ACK] Seq=1187 Ack=4970 Win=98816 Len=0 TSval=3098982 TSecr=2952993538"
"191","41396929.870497","0.006885","","10.42.0.196","chat.cdn.whatsapp.net","TCP","69","4-TCP","TCP","64","1","1187","","","","","","38576  >  xmpp-client(5222) [PSH, ACK] Seq=1187 Ack=4970 Win=98816 Len=3 TSval=3098982 TSecr=2952993538"
"192","41396929.943641","0.073144","","chat.cdn.whatsapp.net","10.42.0.196","TCP","217","4-TCP","TCP","78","1","4970","","","","","","xmpp-client(5222)  >  38576 [PSH, ACK] Seq=4970 Ack=1187 Win=68864 Len=151 TSval=2952993853 TSecr=3098908"
"193","41396929.980570","0.036929","","chat.cdn.whatsapp.net","10.42.0.196","TCP","66","4-TCP","TCP","78","1","5121","","","","","","xmpp-client(5222)  >  38576 [ACK] Seq=5121 Ack=1190 Win=68864 Len=0 TSval=2952993890 TSecr=3098982"
"194","41396929.981888","0.001318","","10.42.0.196","chat.cdn.whatsapp.net","TCP","175","4-TCP","TCP","64","1","1190","","","","","","38576  >  xmpp-client(5222) [PSH, ACK] Seq=1190 Ack=5121 Win=98816 Len=109 TSval=3098993 TSecr=2952993853"
"195","41396930.091479","0.109591","","chat.cdn.whatsapp.net","10.42.0.196","TCP","66","4-TCP","TCP","78","1","5121","","","","","","xmpp-client(5222)  >  38576 [ACK] Seq=5121 Ack=1299 Win=68864 Len=0 TSval=2952994001 TSecr=3098993"
"196","41396930.098519","0.007040","","chat.cdn.whatsapp.net","10.42.0.196","TCP","207","4-TCP","TCP","78","1","5121","","","","","","xmpp-client(5222)  >  38576 [PSH, ACK] Seq=5121 Ack=1299 Win=68864 Len=141 TSval=2952994007 TSecr=3098993"
"197","41396930.098573","0.000054","","chat.cdn.whatsapp.net","10.42.0.196","TCP","207","4-TCP","TCP","78","1","5262","","","","","","xmpp-client(5222)  >  38576 [PSH, ACK] Seq=5262 Ack=1299 Win=68864 Len=141 TSval=2952994007 TSecr=3098993"
"198","41396930.098806","0.000233","","chat.cdn.whatsapp.net","10.42.0.196","TCP","207","4-TCP","TCP","78","1","5403","","","","","","xmpp-client(5222)  >  38576 [PSH, ACK] Seq=5403 Ack=1299 Win=68864 Len=141 TSval=2952994008 TSecr=3098993"
"199","41396930.099453","0.000647","","chat.cdn.whatsapp.net","10.42.0.196","TCP","207","4-TCP","TCP","78","1","5544","","","","","","xmpp-client(5222)  >  38576 [PSH, ACK] Seq=5544 Ack=1299 Win=68864 Len=141 TSval=2952994009 TSecr=3098993"
"200","41396930.099758","0.000305","","chat.cdn.whatsapp.net","10.42.0.196","TCP","207","4-TCP","TCP","78","1","5685","","","","","","xmpp-client(5222)  >  38576 [PSH, ACK] Seq=5685 Ack=1299 Win=68864 Len=141 TSval=2952994009 TSecr=3098993"
"201","41396930.100305","0.000547","","10.42.0.196","chat.cdn.whatsapp.net","TCP","66","4-TCP","TCP","64","1","1299","","","","","","38576  >  xmpp-client(5222) [ACK] Seq=1299 Ack=5544 Win=98816 Len=0 TSval=3099005 TSecr=2952994007"
"202","41396930.101933","0.001628","","10.42.0.196","chat.cdn.whatsapp.net","TCP","66","4-TCP","TCP","64","1","1299","","","","","","38576  >  xmpp-client(5222) [ACK] Seq=1299 Ack=5826 Win=98816 Len=0 TSval=3099005 TSecr=2952994009"
"203","41396930.105803","0.003870","","10.42.0.196","chat.cdn.whatsapp.net","TCP","69","4-TCP","TCP","64","1","1299","","","","","","38576  >  xmpp-client(5222) [PSH, ACK] Seq=1299 Ack=5826 Win=98816 Len=3 TSval=3099006 TSecr=2952994009"
"204","41396930.216225","0.110422","","chat.cdn.whatsapp.net","10.42.0.196","TCP","66","4-TCP","TCP","78","1","5826","","","","","","xmpp-client(5222)  >  38576 [ACK] Seq=5826 Ack=1302 Win=68864 Len=0 TSval=2952994125 TSecr=3099006"
"205","41396930.217421","0.001196","","10.42.0.196","chat.cdn.whatsapp.net","TCP","348","4-TCP","TCP","64","1","1302","","","","","","38576  >  xmpp-client(5222) [PSH, ACK] Seq=1302 Ack=5826 Win=98816 Len=282 TSval=3099017 TSecr=2952994125"
"206","41396930.328278","0.110857","","chat.cdn.whatsapp.net","10.42.0.196","TCP","66","4-TCP","TCP","78","1","5826","","","","","","xmpp-client(5222)  >  38576 [ACK] Seq=5826 Ack=1584 Win=69888 Len=0 TSval=2952994238 TSecr=3099017"
"207","41396936.579910","6.251632","","10.42.0.196","chat.cdn.whatsapp.net","TCP","69","4-TCP","TCP","64","1","1584","","","","","","38576  >  xmpp-client(5222) [PSH, ACK] Seq=1584 Ack=5826 Win=98816 Len=3 TSval=3099653 TSecr=2952994238"
"208","41396936.690549","0.110639","","chat.cdn.whatsapp.net","10.42.0.196","TCP","66","4-TCP","TCP","78","1","5826","","","","","","xmpp-client(5222)  >  38576 [ACK] Seq=5826 Ack=1587 Win=69888 Len=0 TSval=2953000600 TSecr=3099653"
"209","41396936.691813","0.001264","","10.42.0.196","chat.cdn.whatsapp.net","TCP","189","4-TCP","TCP","64","1","1587","","","","","","38576  >  xmpp-client(5222) [PSH, ACK] Seq=1587 Ack=5826 Win=98816 Len=123 TSval=3099664 TSecr=2953000600"
"210","41396936.764673","0.072860","","chat.cdn.whatsapp.net","10.42.0.196","TCP","255","4-TCP","TCP","78","1","5826","","","","","","xmpp-client(5222)  >  38576 [PSH, ACK] Seq=5826 Ack=1587 Win=69888 Len=189 TSval=2953000674 TSecr=3099653"
"211","41396936.802813","0.038140","","chat.cdn.whatsapp.net","10.42.0.196","TCP","66","4-TCP","TCP","78","1","6015","","","","","","xmpp-client(5222)  >  38576 [ACK] Seq=6015 Ack=1710 Win=69888 Len=0 TSval=2953000712 TSecr=3099664"
"212","41396936.804096","0.001283","","10.42.0.196","chat.cdn.whatsapp.net","TCP","66","4-TCP","TCP","64","1","1710","","","","","","38576  >  xmpp-client(5222) [ACK] Seq=1710 Ack=6015 Win=98816 Len=0 TSval=3099676 TSecr=2953000674"
"213","41396936.804188","0.000092","","10.42.0.196","chat.cdn.whatsapp.net","TCP","155","4-TCP","TCP","64","1","1710","","","","","","38576  >  xmpp-client(5222) [PSH, ACK] Seq=1710 Ack=6015 Win=98816 Len=89 TSval=3099676 TSecr=2953000712"
"214","41396936.908582","0.104394","","chat.cdn.whatsapp.net","10.42.0.196","TCP","124","4-TCP","TCP","78","1","6015","","","","","","xmpp-client(5222)  >  38576 [PSH, ACK] Seq=6015 Ack=1710 Win=69888 Len=58 TSval=2953000818 TSecr=3099664"
"215","41396936.911033","0.002451","","10.42.0.196","chat.cdn.whatsapp.net","TCP","66","4-TCP","TCP","64","1","1799","","","","","","38576  >  xmpp-client(5222) [ACK] Seq=1799 Ack=6073 Win=98816 Len=0 TSval=3099686 TSecr=2953000818"
"216","41396936.916486","0.005453","","chat.cdn.whatsapp.net","10.42.0.196","TCP","66","4-TCP","TCP","78","1","6073","","","","","","xmpp-client(5222)  >  38576 [ACK] Seq=6073 Ack=1799 Win=69888 Len=0 TSval=2953000824 TSecr=3099676"
"217","41396943.499724","6.583238","","10.42.0.196","chat.cdn.whatsapp.net","TCP","69","4-TCP","TCP","64","1","1799","","","","","","38576  >  xmpp-client(5222) [PSH, ACK] Seq=1799 Ack=6073 Win=98816 Len=3 TSval=3100345 TSecr=2953000824"
"218","41396943.610763","0.111039","","chat.cdn.whatsapp.net","10.42.0.196","TCP","66","4-TCP","TCP","78","1","6073","","","","","","xmpp-client(5222)  >  38576 [ACK] Seq=6073 Ack=1802 Win=69888 Len=0 TSval=2953007519 TSecr=3100345"
"219","41396943.611903","0.001140","","10.42.0.196","chat.cdn.whatsapp.net","TCP","163","4-TCP","TCP","64","1","1802","","","","","","38576  >  xmpp-client(5222) [PSH, ACK] Seq=1802 Ack=6073 Win=98816 Len=97 TSval=3100356 TSecr=2953007519"
"220","41396943.724688","0.112785","","chat.cdn.whatsapp.net","10.42.0.196","TCP","66","4-TCP","TCP","78","1","6073","","","","","","xmpp-client(5222)  >  38576 [ACK] Seq=6073 Ack=1899 Win=69888 Len=0 TSval=2953007634 TSecr=3100356"
"221","41396943.823028","0.098340","","chat.cdn.whatsapp.net","10.42.0.196","TCP","123","4-TCP","TCP","78","1","6073","","","","","","xmpp-client(5222)  >  38576 [PSH, ACK] Seq=6073 Ack=1899 Win=69888 Len=57 TSval=2953007732 TSecr=3100356"
"222","41396943.824093","0.001065","","10.42.0.196","chat.cdn.whatsapp.net","TCP","66","4-TCP","TCP","64","1","1899","","","","","","38576  >  xmpp-client(5222) [ACK] Seq=1899 Ack=6130 Win=98816 Len=0 TSval=3100378 TSecr=2953007732"
"223","41396944.347951","0.523858","","chat.cdn.whatsapp.net","10.42.0.196","TCP","199","4-TCP","TCP","78","1","6130","","","","","","xmpp-client(5222)  >  38576 [PSH, ACK] Seq=6130 Ack=1899 Win=69888 Len=133 TSval=2953008257 TSecr=3100378"
"224","41396944.348989","0.001038","","10.42.0.196","chat.cdn.whatsapp.net","TCP","66","4-TCP","TCP","64","1","1899","","","","","","38576  >  xmpp-client(5222) [ACK] Seq=1899 Ack=6263 Win=98816 Len=0 TSval=3100430 TSecr=2953008257"
"225","41396944.359385","0.010396","","10.42.0.196","chat.cdn.whatsapp.net","TCP","69","4-TCP","TCP","64","1","1899","","","","","","38576  >  xmpp-client(5222) [PSH, ACK] Seq=1899 Ack=6263 Win=98816 Len=3 TSval=3100431 TSecr=2953008257"
"226","41396944.469900","0.110515","","chat.cdn.whatsapp.net","10.42.0.196","TCP","66","4-TCP","TCP","78","1","6263","","","","","","xmpp-client(5222)  >  38576 [ACK] Seq=6263 Ack=1902 Win=69888 Len=0 TSval=2953008379 TSecr=3100431"
"227","41396944.470884","0.000984","","10.42.0.196","chat.cdn.whatsapp.net","TCP","120","4-TCP","TCP","64","1","1902","","","","","","38576  >  xmpp-client(5222) [PSH, ACK] Seq=1902 Ack=6263 Win=98816 Len=54 TSval=3100442 TSecr=2953008379"
"228","41396944.580763","0.109879","","chat.cdn.whatsapp.net","10.42.0.196","TCP","66","4-TCP","TCP","78","1","6263","","","","","","xmpp-client(5222)  >  38576 [ACK] Seq=6263 Ack=1956 Win=69888 Len=0 TSval=2953008490 TSecr=3100442"
"229","41396946.460019","1.879256","","10.42.0.196","chat.cdn.whatsapp.net","TCP","69","4-TCP","TCP","64","1","1956","","","","","","38576  >  xmpp-client(5222) [PSH, ACK] Seq=1956 Ack=6263 Win=98816 Len=3 TSval=3100640 TSecr=2953008490"
"230","41396946.571071","0.111052","","chat.cdn.whatsapp.net","10.42.0.196","TCP","66","4-TCP","TCP","78","1","6263","","","","","","xmpp-client(5222)  >  38576 [ACK] Seq=6263 Ack=1959 Win=69888 Len=0 TSval=2953010480 TSecr=3100640"
"231","41396946.573422","0.002351","","10.42.0.196","chat.cdn.whatsapp.net","TCP","101","4-TCP","TCP","64","1","1959","","","","","","38576  >  xmpp-client(5222) [PSH, ACK] Seq=1959 Ack=6263 Win=98816 Len=35 TSval=3100652 TSecr=2953010480"
"232","41396946.683654","0.110232","","chat.cdn.whatsapp.net","10.42.0.196","TCP","66","4-TCP","TCP","78","1","6263","","","","","","xmpp-client(5222)  >  38576 [ACK] Seq=6263 Ack=1994 Win=69888 Len=0 TSval=2953010593 TSecr=3100652"
"233","41396946.767742","0.084088","","chat.cdn.whatsapp.net","10.42.0.196","TCP","107","4-TCP","TCP","78","1","6263","","","","","","xmpp-client(5222)  >  38576 [PSH, ACK] Seq=6263 Ack=1994 Win=69888 Len=41 TSval=2953010677 TSecr=3100652"
"234","41396946.804831","0.037089","","10.42.0.196","chat.cdn.whatsapp.net","TCP","66","4-TCP","TCP","64","1","1994","","","","","","38576  >  xmpp-client(5222) [ACK] Seq=1994 Ack=6304 Win=98816 Len=0 TSval=3100676 TSecr=2953010677"
"235","41396922.921154","-23.883677","","10.42.0.196","10.42.0.1","DNS","79","7-DNS","UDP","64","4","","","","A (Host Address)","","0x1566","Standard query 0x1566 A clients3.google.com"
"236","41396923.213627","0.292473","0.292473000","10.42.0.1","10.42.0.196","DNS","119","7-DNS","UDP","64","4","","154,300","","A (Host Address)","CNAME (Canonical NAME for an alias),A (Host Address)","0x1566","Standard query response 0x1566 A clients3.google.com CNAME clients.l.google.com A 142.250.185.46"
"237","41396922.921444","-0.292183","","10.42.0.196","10.42.0.1","DNS","76","7-DNS","UDP","64","5","","","","A (Host Address)","","0x0107","Standard query 0x0107 A time.android.com"
"238","41396923.195899","0.274455","0.274455000","10.42.0.1","10.42.0.196","DNS","140","7-DNS","UDP","64","5","","248,248,248,248","","A (Host Address)","A (Host Address),A (Host Address),A (Host Address),A (Host Address)","0x0107","Standard query response 0x0107 A time.android.com A 216.239.35.4 A 216.239.35.12 A 216.239.35.8 A 216.239.35.0"
"239","41396923.179247","-0.016652","","10.42.0.1","10.42.0.196","DNS","83","7-DNS","UDP","64","6","","","","A (Host Address)","","0x7234","Standard query response 0x7234 Server failure A youtubei.googleapis.com"
"240","41396923.180179","0.000932","","10.42.0.196","10.42.0.1","ICMP","111","T-ICMP errors","ICMP,UDP","64,64","6","","","","A (Host Address)","","0x7234","Destination unreachable (Port unreachable)"
"241","41396938.983525","15.803346","","10.42.0.196","10.42.0.1","ICMP","111","T-ICMP errors","ICMP,UDP","64,64","7","","","","A (Host Address)","","0xede3","Destination unreachable (Port unreachable)"
"242","41396938.984537","0.001012","","10.42.0.196","10.42.0.1","ICMP","111","T-ICMP errors","ICMP,UDP","64,64","8","","","","A (Host Address)","","0xa669","Destination unreachable (Port unreachable)"
"243","41396938.984577","0.000040","","10.42.0.196","10.42.0.1","ICMP","111","T-ICMP errors","ICMP,UDP","64,64","9","","","","A (Host Address)","","0x4e44","Destination unreachable (Port unreachable)"
"244","41396944.234199","5.249622","","10.42.0.196","10.42.0.1","ICMP","111","T-ICMP errors","ICMP,UDP","64,64","10","","","","A (Host Address)","","0x6e44","Destination unreachable (Port unreachable)"
"245","41396923.180314","-21.053885","","10.42.0.196","10.42.0.1","DNS","83","7-DNS","UDP","64","7","","","","A (Host Address)","","0xede3","Standard query 0xede3 A youtubei.googleapis.com"
"246","41396938.982282","15.801968","15.801968000","10.42.0.1","10.42.0.196","DNS","83","7-DNS","UDP","64","7","","","","A (Host Address)","","0xede3","Standard query response 0xede3 Server failure A youtubei.googleapis.com"
"247","41396923.182656","-15.799626","","10.42.0.196","10.42.0.1","DNS","83","7-DNS","UDP","64","9","","","","A (Host Address)","","0x4e44","Standard query 0x4e44 A youtubei.googleapis.com"
"248","41396928.183160","5.000504","","10.42.0.196","10.42.0.1","DNS","83","7-DNS","UDP","64","9","","","","A (Host Address)","","0x4e44","Standard query 0x4e44 A youtubei.googleapis.com"
"249","41396938.982381","10.799221","10.799221000","10.42.0.1","10.42.0.196","DNS","83","7-DNS","UDP","64","9","","","","A (Host Address)","","0x4e44","Standard query response 0x4e44 Server failure A youtubei.googleapis.com"
"250","41396923.200948","-15.781433","","10.42.0.196","time.android.com","UDP","90","4-UDP","UDP","64","11","","","","","","","42881  >  ntp(123) Len=48"
"251","41396923.223699","0.022751","","10.42.0.196","clients.l.google.com","TCP","74","N-TCP SYN","TCP","64","2","0","","","","","","39606  >  http(80) [SYN] Seq=0 Win=65535 Len=0 MSS=1460 SACK_PERM=1 TSval=3098318 TSecr=0 WS=512"
"252","41396923.290203","0.066504","","clients.l.google.com","10.42.0.196","TCP","58","T-No WinScale or SACK","TCP","60","2","0","","","","","","http(80)  >  39606 [SYN, ACK] Seq=0 Ack=1 Win=29200 Len=0 MSS=1400"
"253","41396923.291534","0.001331","","10.42.0.196","clients.l.google.com","TCP","54","7-HTTP","TCP","64","2","1","","","","","","39606  >  http(80) [ACK] Seq=1 Ack=1 Win=65535 Len=0"
"254","41396923.294216","0.002682","","10.42.0.196","clients.l.google.com","HTTP","239","7-HTTP","TCP","64","2","1","","","","","","GET /generate_204 HTTP/1.1 "
"255","41396923.320304","0.026088","","clients.l.google.com","10.42.0.196","TCP","54","7-HTTP","TCP","60","2","1","","","","","","http(80)  >  39606 [ACK] Seq=1 Ack=186 Win=30016 Len=0"
"256","41396923.404191","0.083887","0.109975000","clients.l.google.com","10.42.0.196","HTTP","137","7-HTTP","TCP","60","2","1","","","","","","HTTP/1.1 204 No Content "
"257","41396923.404729","0.000538","","10.42.0.196","clients.l.google.com","TCP","54","7-HTTP","TCP","64","2","186","","","","","","39606  >  http(80) [ACK] Seq=186 Ack=84 Win=65535 Len=0"
"258","41396928.185706","4.780977","","10.42.0.196","10.42.0.1","DNS","83","7-DNS","UDP","64","8","","","","A (Host Address)","","0xa669","Standard query 0xa669 A youtubei.googleapis.com"
"259","41396933.241857","5.056151","","10.42.0.196","10.42.0.1","DNS","83","7-DNS","UDP","64","8","","","","A (Host Address)","","0xa669","Standard query 0xa669 A youtubei.googleapis.com"
"260","41396938.982365","5.740508","5.740508000","10.42.0.1","10.42.0.196","DNS","83","7-DNS","UDP","64","8","","","","A (Host Address)","","0xa669","Standard query response 0xa669 Server failure A youtubei.googleapis.com"
"261","41396928.494534","-10.487831","","10.42.0.196","31.13.64.50","UDP","206","4-UDP","UDP","64","12","","","","","","","43539  >  stun(3478) Len=164"
"262","41396928.494630","0.000096","","10.42.0.196","31.13.64.50","UDP","206","4-UDP","UDP","64","12","","","","","","","43539  >  stun(3478) Len=164"
"263","41396928.611701","0.117071","","31.13.64.50","10.42.0.196","UDP","110","4-UDP","UDP","78","12","","","","","","","stun(3478)  >  43539 Len=68"
"264","41396928.611946","0.000245","","31.13.64.50","10.42.0.196","UDP","110","4-UDP","UDP","78","12","","","","","","","stun(3478)  >  43539 Len=68"
"265","41396936.263084","7.651138","","31.13.64.50","10.42.0.196","UDP","88","4-UDP","UDP","78","12","","","","","","","stun(3478)  >  43539 Len=46"
"266","41396936.523096","0.260012","","31.13.64.50","10.42.0.196","UDP","68","4-UDP","UDP","78","12","","","","","","","stun(3478)  >  43539 Len=26"
"267","41396936.579827","0.056731","","10.42.0.196","31.13.64.50","UDP","266","4-UDP","UDP","64","12","","","","","","","43539  >  stun(3478) Len=224"
"268","41396936.580664","0.000837","","10.42.0.196","31.13.64.50","UDP","266","4-UDP","UDP","64","12","","","","","","","43539  >  stun(3478) Len=224"
"269","41396936.587944","0.007280","","10.42.0.196","31.13.64.50","UDP","266","4-UDP","UDP","64","12","","","","","","","43539  >  stun(3478) Len=224"
"270","41396936.588008","0.000064","","10.42.0.196","31.13.64.50","UDP","266","4-UDP","UDP","64","12","","","","","","","43539  >  stun(3478) Len=224"
"271","41396936.598327","0.010319","","31.13.64.50","10.42.0.196","RTP","118","T-RTP != EF","UDP","78","12","","","","","","","PT=DynamicRTP-Type-120, SSRC=0x1099858F, Seq=1, Time=112320"
"272","41396936.598663","0.000336","","10.42.0.196","31.13.64.50","UDP","88","4-UDP","UDP","64","12","","","","","","","43539  >  stun(3478) Len=46"
"273","41396936.636585","0.037922","","10.42.0.196","31.13.64.50","UDP","68","4-UDP","UDP","64","12","","","","","","","43539  >  stun(3478) Len=26"
"274","41396936.676633","0.040048","","10.42.0.196","31.13.64.50","UDP","48","4-UDP","UDP","64","12","","","","","","","43539  >  stun(3478) Len=6"
"275","41396936.695433","0.018800","","31.13.64.50","10.42.0.196","UDP","110","4-UDP","UDP","78","12","","","","","","","stun(3478)  >  43539 Len=68"
"276","41396936.697271","0.001838","","31.13.64.50","10.42.0.196","UDP","110","4-UDP","UDP","78","12","","","","","","","stun(3478)  >  43539 Len=68"
"277","41396936.705871","0.008600","","31.13.64.50","10.42.0.196","RTP","116","T-RTP != EF","UDP","78","12","","","","","","","PT=DynamicRTP-Type-120, SSRC=0x1099858F, Seq=2, Time=114240"
"278","41396936.709356","0.003485","","31.13.64.50","10.42.0.196","UDP","110","4-UDP","UDP","78","12","","","","","","","stun(3478)  >  43539 Len=68"
"279","41396936.711876","0.002520","","31.13.64.50","10.42.0.196","UDP","110","4-UDP","UDP","78","12","","","","","","","stun(3478)  >  43539 Len=68"
"280","41396936.715277","0.003401","","10.42.0.196","31.13.64.50","RTP","100","T-RTP != EF","UDP","64","12","","","","","","","PT=DynamicRTP-Type-120, SSRC=0x7E30769E, Seq=1, Time=159360"
"281","41396936.761221","0.045944","","31.13.64.50","10.42.0.196","RTP","67","T-RTP != EF","UDP","78","12","","","","","","","PT=DynamicRTP-Type-120, SSRC=0x1099858F, Seq=3, Time=115200"
"282","41396936.778511","0.017290","","10.42.0.196","31.13.64.50","UDP","266","4-UDP","UDP","64","12","","","","","","","43539  >  stun(3478) Len=224"
"283","41396936.778754","0.000243","","10.42.0.196","31.13.64.50","UDP","266","4-UDP","UDP","64","12","","","","","","","43539  >  stun(3478) Len=224"
"284","41396936.790072","0.011318","","31.13.64.50","10.42.0.196","UDP","44","4-UDP","UDP","78","12","","","","","","","stun(3478)  >  43539 Len=2"
"285","41396936.835962","0.045890","","10.42.0.196","31.13.64.50","RTP","99","T-RTP != EF","UDP","64","12","","","","","","","PT=DynamicRTP-Type-120, SSRC=0x7E30769E, Seq=2, Time=161280"
"286","41396936.893250","0.057288","","31.13.64.50","10.42.0.196","UDP","110","4-UDP","UDP","78","12","","","","","","","stun(3478)  >  43539 Len=68"
"287","41396936.894358","0.001108","","31.13.64.50","10.42.0.196","UDP","110","4-UDP","UDP","78","12","","","","","","","stun(3478)  >  43539 Len=68"
"288","41396936.896546","0.002188","","10.42.0.196","31.13.64.50","RTP","67","T-RTP != EF","UDP","64","12","","","","","","","PT=DynamicRTP-Type-120, SSRC=0x7E30769E, Seq=3, Time=162240"
"289","41396937.131870","0.235324","","31.13.64.50","10.42.0.196","RTP","92","T-RTP != EF","UDP","78","12","","","","","","","PT=DynamicRTP-Type-120, SSRC=0x1099858F, Seq=4, Time=120960"
"290","41396937.260722","0.128852","","10.42.0.196","31.13.64.50","RTP","87","T-RTP != EF","UDP","64","12","","","","","","","PT=DynamicRTP-Type-120, SSRC=0x7E30769E, Seq=4, Time=168000"
"291","41396937.379521","0.118799","","31.13.64.50","10.42.0.196","UDP","164","4-UDP","UDP","78","12","","","","","","","stun(3478)  >  43539 Len=122"
"292","41396937.542542","0.163021","","31.13.64.50","10.42.0.196","RTP","99","T-RTP != EF","UDP","78","12","","","","","","","PT=DynamicRTP-Type-120, SSRC=0x1099858F, Seq=5, Time=127680"
"293","41396937.661076","0.118534","","10.42.0.196","31.13.64.50","UDP","164","4-UDP","UDP","64","12","","","","","","","43539  >  stun(3478) Len=122"
"294","41396937.661146","0.000070","","10.42.0.196","31.13.64.50","RTP","87","T-RTP != EF","UDP","64","12","","","","","","","PT=DynamicRTP-Type-120, SSRC=0x7E30769E, Seq=5, Time=174720"
"295","41396937.962108","0.300962","","31.13.64.50","10.42.0.196","RTP","96","T-RTP != EF","UDP","78","12","","","","","","","PT=DynamicRTP-Type-120, SSRC=0x1099858F, Seq=6, Time=134400"
"296","41396938.100773","0.138665","","10.42.0.196","31.13.64.50","RTP","87","T-RTP != EF","UDP","64","12","","","","","","","PT=DynamicRTP-Type-120, SSRC=0x7E30769E, Seq=6, Time=181440"
"297","41396938.237437","0.136664","","31.13.64.50","10.42.0.196","UDP","164","4-UDP","UDP","78","12","","","","","","","stun(3478)  >  43539 Len=122"
"298","41396938.382307","0.144870","","31.13.64.50","10.42.0.196","RTP","88","T-RTP != EF","UDP","78","12","","","","","","","PT=DynamicRTP-Type-120, SSRC=0x1099858F, Seq=7, Time=141120"
"299","41396938.520348","0.138041","","10.42.0.196","31.13.64.50","RTP","87","T-RTP != EF","UDP","64","12","","","","","","","PT=DynamicRTP-Type-120, SSRC=0x7E30769E, Seq=7, Time=188160"
"300","41396938.700694","0.180346","","10.42.0.196","31.13.64.50","UDP","164","4-UDP","UDP","64","12","","","","","","","43539  >  stun(3478) Len=122"
"301","41396938.803476","0.102782","","31.13.64.50","10.42.0.196","RTP","91","T-RTP != EF","UDP","78","12","","","","","","","PT=DynamicRTP-Type-120, SSRC=0x1099858F, Seq=8, Time=147840"
"302","41396938.941239","0.137763","","10.42.0.196","31.13.64.50","RTP","90","T-RTP != EF","UDP","64","12","","","","","","","PT=DynamicRTP-Type-120, SSRC=0x7E30769E, Seq=8, Time=194880"
"303","41396939.038014","0.096775","","10.42.0.196","31.13.64.50","RTP","195","T-RTP != EF","UDP","64","12","","","","","","","PT=DynamicRTP-Type-120, SSRC=0x7E30769E, Seq=9, Time=196800, Mark"
"304","41396939.179977","0.141963","","10.42.0.196","31.13.64.50","RTP","101","T-RTP != EF","UDP","64","12","","","","","","","PT=DynamicRTP-Type-120, SSRC=0x7E30769E, Seq=10, Time=198720"
"305","41396939.240892","0.060915","","31.13.64.50","10.42.0.196","UDP","164","4-UDP","UDP","78","12","","","","","","","stun(3478)  >  43539 Len=122"
"306","41396939.247594","0.006702","","31.13.64.50","10.42.0.196","RTP","261","T-RTP != EF","UDP","78","12","","","","","","","PT=DynamicRTP-Type-120, SSRC=0x1099858F, Seq=9, Time=154560, Mark"
"307","41396939.300824","0.053230","","10.42.0.196","31.13.64.50","RTP","144","T-RTP != EF","UDP","64","12","","","","","","","PT=DynamicRTP-Type-120, SSRC=0x7E30769E, Seq=11, Time=200640"
"308","41396939.377582","0.076758","","31.13.64.50","10.42.0.196","RTP","117","T-RTP != EF","UDP","78","12","","","","","","","PT=DynamicRTP-Type-120, SSRC=0x1099858F, Seq=10, Time=156480"
"309","41396939.381490","0.003908","","10.42.0.196","31.13.64.50","UDP","164","4-UDP","UDP","64","12","","","","","","","43539  >  stun(3478) Len=122"
"310","41396939.421511","0.040021","","10.42.0.196","31.13.64.50","RTP","184","T-RTP != EF","UDP","64","12","","","","","","","PT=DynamicRTP-Type-120, SSRC=0x7E30769E, Seq=12, Time=202560"
"311","41396939.479554","0.058043","","31.13.64.50","10.42.0.196","UDP","164","4-UDP","UDP","78","12","","","","","","","stun(3478)  >  43539 Len=122"
"312","41396939.487281","0.007727","","31.13.64.50","10.42.0.196","RTP","88","T-RTP != EF","UDP","78","12","","","","","","","PT=DynamicRTP-Type-120, SSRC=0x1099858F, Seq=11, Time=157440"
"313","41396939.487613","0.000332","","31.13.64.50","10.42.0.196","RTP","67","T-RTP != EF","UDP","78","12","","","","","","","PT=DynamicRTP-Type-120, SSRC=0x1099858F, Seq=12, Time=158400"
"314","41396939.542609","0.054996","","10.42.0.196","31.13.64.50","RTP","412","T-RTP != EF","UDP","64","12","","","","","","","PT=DynamicRTP-Type-120, SSRC=0x7E30769E, Seq=13, Time=204480"
"315","41396939.614583","0.071974","","31.13.64.50","10.42.0.196","RTP","310","T-RTP != EF","UDP","78","12","","","","","","","PT=DynamicRTP-Type-120, SSRC=0x1099858F, Seq=13, Time=160320"
"316","41396939.662589","0.048006","","10.42.0.196","31.13.64.50","RTP","402","T-RTP != EF","UDP","64","12","","","","","","","PT=DynamicRTP-Type-120, SSRC=0x7E30769E, Seq=14, Time=206400"
"317","41396939.686293","0.023704","","10.42.0.196","31.13.64.50","UDP","48","4-UDP","UDP","64","12","","","","","","","43539  >  stun(3478) Len=6"
"318","41396939.702798","0.016505","","10.42.0.196","31.13.64.50","UDP","164","4-UDP","UDP","64","12","","","","","","","43539  >  stun(3478) Len=122"
"319","41396939.712918","0.010120","","31.13.64.50","10.42.0.196","RTP","358","T-RTP != EF","UDP","78","12","","","","","","","PT=DynamicRTP-Type-120, SSRC=0x1099858F, Seq=14, Time=162240"
"320","41396939.783788","0.070870","","10.42.0.196","31.13.64.50","RTP","396","T-RTP != EF","UDP","64","12","","","","","","","PT=DynamicRTP-Type-120, SSRC=0x7E30769E, Seq=15, Time=208320"
"321","41396939.799046","0.015258","","31.13.64.50","10.42.0.196","UDP","44","4-UDP","UDP","78","12","","","","","","","stun(3478)  >  43539 Len=2"
"322","41396939.831224","0.032178","","31.13.64.50","10.42.0.196","RTP","413","T-RTP != EF","UDP","78","12","","","","","","","PT=DynamicRTP-Type-120, SSRC=0x1099858F, Seq=15, Time=164160"
"323","41396939.901340","0.070116","","10.42.0.196","31.13.64.50","RTP","310","T-RTP != EF","UDP","64","12","","","","","","","PT=DynamicRTP-Type-120, SSRC=0x7E30769E, Seq=16, Time=210240"
"324","41396939.971963","0.070623","","31.13.64.50","10.42.0.196","RTP","406","T-RTP != EF","UDP","78","12","","","","","","","PT=DynamicRTP-Type-120, SSRC=0x1099858F, Seq=16, Time=166080"
"325","41396940.000960","0.028997","","10.42.0.196","31.13.64.50","RTP","113","T-RTP != EF","UDP","64","12","","","","","","","PT=DynamicRTP-Type-120, SSRC=0x7E30769E, Seq=17, Time=212160"
"326","41396940.101654","0.100694","","31.13.64.50","10.42.0.196","RTP","281","T-RTP != EF","UDP","78","12","","","","","","","PT=DynamicRTP-Type-120, SSRC=0x1099858F, Seq=17, Time=168000"
"327","41396940.121443","0.019789","","10.42.0.196","31.13.64.50","RTP","80","T-RTP != EF","UDP","64","12","","","","","","","PT=DynamicRTP-Type-120, SSRC=0x7E30769E, Seq=18, Time=213120"
"328","41396940.122089","0.000646","","10.42.0.196","31.13.64.50","RTP","67","T-RTP != EF","UDP","64","12","","","","","","","PT=DynamicRTP-Type-120, SSRC=0x7E30769E, Seq=19, Time=214080"
"329","41396940.189105","0.067016","","31.13.64.50","10.42.0.196","RTP","117","T-RTP != EF","UDP","78","12","","","","","","","PT=DynamicRTP-Type-120, SSRC=0x1099858F, Seq=18, Time=169920"
"330","41396940.281467","0.092362","","31.13.64.50","10.42.0.196","UDP","164","4-UDP","UDP","78","12","","","","","","","stun(3478)  >  43539 Len=122"
"331","41396940.451281","0.169814","","31.13.64.50","10.42.0.196","RTP","67","T-RTP != EF","UDP","78","12","","","","","","","PT=DynamicRTP-Type-120, SSRC=0x1099858F, Seq=20, Time=171840"
"332","41396940.451665","0.000384","","31.13.64.50","10.42.0.196","RTP","83","T-RTP != EF","UDP","78","12","","","","","","","PT=DynamicRTP-Type-120, SSRC=0x1099858F, Seq=19, Time=170880"
"333","41396940.500416","0.048751","","10.42.0.196","31.13.64.50","RTP","87","T-RTP != EF","UDP","64","12","","","","","","","PT=DynamicRTP-Type-120, SSRC=0x7E30769E, Seq=20, Time=219840"
"334","41396940.681321","0.180905","","31.13.64.50","10.42.0.196","RTP","104","T-RTP != EF","UDP","78","12","","","","","","","PT=DynamicRTP-Type-120, SSRC=0x1099858F, Seq=21, Time=177600"
"335","41396940.740812","0.059491","","10.42.0.196","31.13.64.50","UDP","68","4-UDP","UDP","64","12","","","","","","","43539  >  stun(3478) Len=26"
"336","41396940.801823","0.061011","","10.42.0.196","31.13.64.50","UDP","164","4-UDP","UDP","64","12","","","","","","","43539  >  stun(3478) Len=122"
"337","41396940.916656","0.114833","","10.42.0.196","31.13.64.50","RTP","87","T-RTP != EF","UDP","64","12","","","","","","","PT=DynamicRTP-Type-120, SSRC=0x7E30769E, Seq=21, Time=226560"
"338","41396941.129083","0.212427","","31.13.64.50","10.42.0.196","RTP","97","T-RTP != EF","UDP","78","12","","","","","","","PT=DynamicRTP-Type-120, SSRC=0x1099858F, Seq=22, Time=184320"
"339","41396941.287735","0.158652","","31.13.64.50","10.42.0.196","UDP","68","4-UDP","UDP","78","12","","","","","","","stun(3478)  >  43539 Len=26"
"340","41396941.332230","0.044495","","31.13.64.50","10.42.0.196","UDP","164","4-UDP","UDP","78","12","","","","","","","stun(3478)  >  43539 Len=122"
"341","41396941.340402","0.008172","","10.42.0.196","31.13.64.50","RTP","88","T-RTP != EF","UDP","64","12","","","","","","","PT=DynamicRTP-Type-120, SSRC=0x7E30769E, Seq=22, Time=233280"
"342","41396941.504548","0.164146","","31.13.64.50","10.42.0.196","RTP","91","T-RTP != EF","UDP","78","12","","","","","","","PT=DynamicRTP-Type-120, SSRC=0x1099858F, Seq=23, Time=191040"
"343","41396941.741232","0.236684","","10.42.0.196","31.13.64.50","RTP","88","T-RTP != EF","UDP","64","12","","","","","","","PT=DynamicRTP-Type-120, SSRC=0x7E30769E, Seq=23, Time=240000"
"344","41396941.741959","0.000727","","10.42.0.196","31.13.64.50","UDP","68","4-UDP","UDP","64","12","","","","","","","43539  >  stun(3478) Len=26"
"345","41396941.820099","0.078140","","10.42.0.196","31.13.64.50","UDP","164","4-UDP","UDP","64","12","","","","","","","43539  >  stun(3478) Len=122"
"346","41396941.998710","0.178611","","31.13.64.50","10.42.0.196","RTP","182","T-RTP != EF","UDP","78","12","","","","","","","PT=DynamicRTP-Type-120, SSRC=0x1099858F, Seq=24, Time=198720, Mark"
"347","41396942.101161","0.102451","","31.13.64.50","10.42.0.196","RTP","112","T-RTP != EF","UDP","78","12","","","","","","","PT=DynamicRTP-Type-120, SSRC=0x1099858F, Seq=25, Time=200640"
"348","41396942.180926","0.079765","","10.42.0.196","31.13.64.50","RTP","95","T-RTP != EF","UDP","64","12","","","","","","","PT=DynamicRTP-Type-120, SSRC=0x7E30769E, Seq=24, Time=246720"
"349","41396942.185240","0.004314","","31.13.64.50","10.42.0.196","RTP","67","T-RTP != EF","UDP","78","12","","","","","","","PT=DynamicRTP-Type-120, SSRC=0x1099858F, Seq=26, Time=201600"
"350","41396942.291416","0.106176","","31.13.64.50","10.42.0.196","UDP","68","4-UDP","UDP","78","12","","","","","","","stun(3478)  >  43539 Len=26"
"351","41396942.302737","0.011321","","10.42.0.196","31.13.64.50","RTP","459","T-RTP != EF","UDP","64","12","","","","","","","PT=DynamicRTP-Type-120, SSRC=0x7E30769E, Seq=25, Time=248640, Mark"
"352","41396942.395945","0.093208","","31.13.64.50","10.42.0.196","UDP","164","4-UDP","UDP","78","12","","","","","","","stun(3478)  >  43539 Len=122"
"353","41396942.402034","0.006089","","31.13.64.50","10.42.0.196","RTP","472","T-RTP != EF","UDP","78","12","","","","","","","PT=DynamicRTP-Type-120, SSRC=0x1099858F, Seq=27, Time=205440"
"354","41396942.422375","0.020341","","10.42.0.196","31.13.64.50","RTP","461","T-RTP != EF","UDP","64","12","","","","","","","PT=DynamicRTP-Type-120, SSRC=0x7E30769E, Seq=26, Time=250560"
"355","41396942.532992","0.110617","","31.13.64.50","10.42.0.196","RTP","475","T-RTP != EF","UDP","78","12","","","","","","","PT=DynamicRTP-Type-120, SSRC=0x1099858F, Seq=28, Time=207360"
"356","41396942.544128","0.011136","","10.42.0.196","31.13.64.50","RTP","381","T-RTP != EF","UDP","64","12","","","","","","","PT=DynamicRTP-Type-120, SSRC=0x7E30769E, Seq=27, Time=252480"
"357","41396942.641060","0.096932","","10.42.0.196","31.13.64.50","RTP","113","T-RTP != EF","UDP","64","12","","","","","","","PT=DynamicRTP-Type-120, SSRC=0x7E30769E, Seq=28, Time=254400"
"358","41396942.651712","0.010652","","31.13.64.50","10.42.0.196","RTP","405","T-RTP != EF","UDP","78","12","","","","","","","PT=DynamicRTP-Type-120, SSRC=0x1099858F, Seq=29, Time=209280"
"359","41396942.699913","0.048201","","10.42.0.196","31.13.64.50","UDP","48","4-UDP","UDP","64","12","","","","","","","43539  >  stun(3478) Len=6"
"360","41396942.779934","0.080021","","10.42.0.196","31.13.64.50","RTP","103","T-RTP != EF","UDP","64","12","","","","","","","PT=DynamicRTP-Type-120, SSRC=0x7E30769E, Seq=29, Time=256320"
"361","41396942.780000","0.000066","","10.42.0.196","31.13.64.50","UDP","68","4-UDP","UDP","64","12","","","","","","","43539  >  stun(3478) Len=26"
"362","41396942.781621","0.001621","","31.13.64.50","10.42.0.196","RTP","165","T-RTP != EF","UDP","78","12","","","","","","","PT=DynamicRTP-Type-120, SSRC=0x1099858F, Seq=30, Time=211200"
"363","41396942.813453","0.031832","","31.13.64.50","10.42.0.196","UDP","44","4-UDP","UDP","78","12","","","","","","","stun(3478)  >  43539 Len=2"
"364","41396942.840105","0.026652","","10.42.0.196","31.13.64.50","UDP","164","4-UDP","UDP","64","12","","","","","","","43539  >  stun(3478) Len=122"
"365","41396942.840176","0.000071","","10.42.0.196","31.13.64.50","RTP","67","T-RTP != EF","UDP","64","12","","","","","","","PT=DynamicRTP-Type-120, SSRC=0x7E30769E, Seq=30, Time=257280"
"366","41396942.909475","0.069299","","31.13.64.50","10.42.0.196","RTP","109","T-RTP != EF","UDP","78","12","","","","","","","PT=DynamicRTP-Type-120, SSRC=0x1099858F, Seq=31, Time=213120"
"367","41396942.944656","0.035181","","31.13.64.50","10.42.0.196","RTP","67","T-RTP != EF","UDP","78","12","","","","","","","PT=DynamicRTP-Type-120, SSRC=0x1099858F, Seq=32, Time=214080"
"368","41396943.180696","0.236040","","10.42.0.196","31.13.64.50","RTP","89","T-RTP != EF","UDP","64","12","","","","","","","PT=DynamicRTP-Type-120, SSRC=0x7E30769E, Seq=31, Time=263040"
"369","41396943.312745","0.132049","","31.13.64.50","10.42.0.196","RTP","96","T-RTP != EF","UDP","78","12","","","","","","","PT=DynamicRTP-Type-120, SSRC=0x1099858F, Seq=33, Time=219840"
"370","41396943.313361","0.000616","","31.13.64.50","10.42.0.196","UDP","68","4-UDP","UDP","78","12","","","","","","","stun(3478)  >  43539 Len=26"
"371","41396943.449474","0.136113","","31.13.64.50","10.42.0.196","UDP","164","4-UDP","UDP","78","12","","","","","","","stun(3478)  >  43539 Len=122"
"372","41396943.607476","0.158002","","10.42.0.196","31.13.64.50","UDP","116","4-UDP","UDP","64","12","","","","","","","43539  >  stun(3478) Len=74"
"373","41396943.607607","0.000131","","10.42.0.196","31.13.64.50","UDP","116","4-UDP","UDP","64","12","","","","","","","43539  >  stun(3478) Len=74"
"374","41396943.608531","0.000924","","10.42.0.196","31.13.64.50","UDP","116","4-UDP","UDP","64","12","","","","","","","43539  >  stun(3478) Len=74"
"375","41396943.608673","0.000142","","10.42.0.196","31.13.64.50","UDP","214","4-UDP","UDP","64","12","","","","","","","43539  >  stun(3478) Len=172"
"376","41396943.614931","0.006258","","31.13.64.50","10.42.0.196","RTP","292","T-RTP != EF","UDP","78","12","","","","","","","PT=DynamicRTP-Type-120, SSRC=0x1099858F, Seq=34, Time=224640, Mark"
"377","41396928.497049","-15.117882","","10.42.0.196","31.13.86.48","UDP","206","4-UDP","UDP","64","13","","","","","","","37234  >  stun(3478) Len=164"
"378","41396928.497158","0.000109","","10.42.0.196","31.13.86.48","UDP","206","4-UDP","UDP","64","13","","","","","","","37234  >  stun(3478) Len=164"
"379","41396928.618597","0.121439","","31.13.86.48","10.42.0.196","UDP","110","4-UDP","UDP","81","13","","","","","","","stun(3478)  >  37234 Len=68"
"380","41396928.618804","0.000207","","31.13.86.48","10.42.0.196","UDP","110","4-UDP","UDP","81","13","","","","","","","stun(3478)  >  37234 Len=68"
"381","41396936.580726","7.961922","","10.42.0.196","31.13.86.48","UDP","266","4-UDP","UDP","64","13","","","","","","","37234  >  stun(3478) Len=224"
"382","41396936.581422","0.000696","","10.42.0.196","31.13.86.48","UDP","266","4-UDP","UDP","64","13","","","","","","","37234  >  stun(3478) Len=224"
"383","41396936.702788","0.121366","","31.13.86.48","10.42.0.196","UDP","110","4-UDP","UDP","81","13","","","","","","","stun(3478)  >  37234 Len=68"
"384","41396936.705894","0.003106","","31.13.86.48","10.42.0.196","UDP","110","4-UDP","UDP","81","13","","","","","","","stun(3478)  >  37234 Len=68"
"385","41396943.608712","6.902818","","10.42.0.196","31.13.86.48","UDP","214","4-UDP","UDP","64","13","","","","","","","37234  >  stun(3478) Len=172"
"386","41396928.501708","-15.107004","","10.42.0.196","157.240.201.62","UDP","206","4-UDP","UDP","64","14","","","","","","","44785  >  stun(3478) Len=164"
"387","41396928.501807","0.000099","","10.42.0.196","157.240.201.62","UDP","206","4-UDP","UDP","64","14","","","","","","","44785  >  stun(3478) Len=164"
"388","41396928.624641","0.122834","","157.240.201.62","10.42.0.196","UDP","110","4-UDP","UDP","80","14","","","","","","","stun(3478)  >  44785 Len=68"
"389","41396928.625364","0.000723","","157.240.201.62","10.42.0.196","UDP","110","4-UDP","UDP","80","14","","","","","","","stun(3478)  >  44785 Len=68"
"390","41396936.581485","7.956121","","10.42.0.196","157.240.201.62","UDP","266","4-UDP","UDP","64","14","","","","","","","44785  >  stun(3478) Len=224"
"391","41396936.581499","0.000014","","10.42.0.196","157.240.201.62","UDP","266","4-UDP","UDP","64","14","","","","","","","44785  >  stun(3478) Len=224"
"392","41396936.706489","0.124990","","157.240.201.62","10.42.0.196","UDP","110","4-UDP","UDP","80","14","","","","","","","stun(3478)  >  44785 Len=68"
"393","41396936.708407","0.001918","","157.240.201.62","10.42.0.196","UDP","110","4-UDP","UDP","80","14","","","","","","","stun(3478)  >  44785 Len=68"
"394","41396943.608729","6.900322","","10.42.0.196","157.240.201.62","UDP","214","4-UDP","UDP","64","14","","","","","","","44785  >  stun(3478) Len=172"
"395","41396928.501827","-15.106902","","10.42.0.196","185.60.216.51","UDP","206","4-UDP","UDP","64","15","","","","","","","40397  >  stun(3478) Len=164"
"396","41396928.501850","0.000023","","10.42.0.196","185.60.216.51","UDP","206","4-UDP","UDP","64","15","","","","","","","40397  >  stun(3478) Len=164"
"397","41396928.613300","0.111450","","185.60.216.51","10.42.0.196","UDP","110","4-UDP","UDP","81","15","","","","","","","stun(3478)  >  40397 Len=68"
"398","41396928.613581","0.000281","","185.60.216.51","10.42.0.196","UDP","110","4-UDP","UDP","81","15","","","","","","","stun(3478)  >  40397 Len=68"
"399","41396936.582501","7.968920","","10.42.0.196","185.60.216.51","UDP","266","4-UDP","UDP","64","15","","","","","","","40397  >  stun(3478) Len=224"
"400","41396936.582549","0.000048","","10.42.0.196","185.60.216.51","UDP","266","4-UDP","UDP","64","15","","","","","","","40397  >  stun(3478) Len=224"
"401","41396936.696756","0.114207","","185.60.216.51","10.42.0.196","UDP","110","4-UDP","UDP","81","15","","","","","","","stun(3478)  >  40397 Len=68"
"402","41396936.697816","0.001060","","185.60.216.51","10.42.0.196","UDP","110","4-UDP","UDP","81","15","","","","","","","stun(3478)  >  40397 Len=68"
"403","41396943.608742","6.910926","","10.42.0.196","185.60.216.51","UDP","214","4-UDP","UDP","64","15","","","","","","","40397  >  stun(3478) Len=172"
"404","41396928.503773","-15.104969","","10.42.0.196","31.13.84.48","UDP","206","4-UDP","UDP","64","16","","","","","","","46653  >  stun(3478) Len=164"
"405","41396928.503878","0.000105","","10.42.0.196","31.13.84.48","UDP","206","4-UDP","UDP","64","16","","","","","","","46653  >  stun(3478) Len=164"
"406","41396928.616852","0.112974","","31.13.84.48","10.42.0.196","UDP","110","4-UDP","UDP","78","16","","","","","","","stun(3478)  >  46653 Len=68"
"407","41396928.617138","0.000286","","31.13.84.48","10.42.0.196","UDP","110","4-UDP","UDP","78","16","","","","","","","stun(3478)  >  46653 Len=68"
"408","41396936.582574","7.965436","","10.42.0.196","31.13.84.48","UDP","266","4-UDP","UDP","64","16","","","","","","","46653  >  stun(3478) Len=224"
"409","41396936.582701","0.000127","","10.42.0.196","31.13.84.48","UDP","266","4-UDP","UDP","64","16","","","","","","","46653  >  stun(3478) Len=224"
"410","41396936.700141","0.117440","","31.13.84.48","10.42.0.196","UDP","110","4-UDP","UDP","78","16","","","","","","","stun(3478)  >  46653 Len=68"
"411","41396936.700856","0.000715","","31.13.84.48","10.42.0.196","UDP","110","4-UDP","UDP","78","16","","","","","","","stun(3478)  >  46653 Len=68"
"412","41396943.608751","6.907895","","10.42.0.196","31.13.84.48","UDP","214","4-UDP","UDP","64","16","","","","","","","46653  >  stun(3478) Len=172"
"413","41396928.707653","-14.901098","","10.42.0.196","10.42.0.1","DNS","79","7-DNS","UDP","64","17","","","","A (Host Address)","","0x6233","Standard query 0x6233 A play.googleapis.com"
"414","41396928.885071","0.177418","0.177418000","10.42.0.1","10.42.0.196","DNS","95","7-DNS","UDP","64","17","","89","","A (Host Address)","A (Host Address)","0x6233","Standard query response 0x6233 A play.googleapis.com A 216.58.208.74"
"415","41396933.241767","4.356696","","10.42.0.196","10.42.0.1","DNS","83","7-DNS","UDP","64","18","","","","A (Host Address)","","0xc39e","Standard query 0xc39e A youtubei.googleapis.com"
"416","41396938.195886","4.954119","","10.42.0.196","10.42.0.1","DNS","83","7-DNS","UDP","64","18","","","\234\223","A (Host Address)","","0xc39e","Standard query 0xc39e A youtubei.googleapis.com"
"417","41396938.982351","0.786465","5.740584000","10.42.0.1","10.42.0.196","DNS","83","7-DNS","UDP","64","18","","","","A (Host Address)","","0xc39e","Standard query response 0xc39e Server failure A youtubei.googleapis.com"
"418","41396935.268505","-3.713846","","10.42.0.196","10.42.0.1","DNS","87","7-DNS","UDP","64","19","","","","A (Host Address)","","0xde99","Standard query 0xde99 A playatoms-pa.googleapis.com"
"419","41396935.444532","0.176027","0.176027000","10.42.0.1","10.42.0.196","DNS","103","7-DNS","UDP","64","19","","64","","A (Host Address)","A (Host Address)","0xde99","Standard query response 0xde99 A playatoms-pa.googleapis.com A 216.58.210.74"
"420","41396936.564660","1.120128","","10.42.0.196","10.42.0.1","DNS","82","7-DNS","UDP","64","20","","","","A (Host Address)","","0x03eb","Standard query 0x03eb A mqtt-mini.facebook.com"
"421","41396936.633513","0.068853","0.068853000","10.42.0.1","10.42.0.196","DNS","127","7-DNS","UDP","64","20","","3199,21","","A (Host Address)","CNAME (Canonical NAME for an alias),A (Host Address)","0x03eb","Standard query response 0x03eb A mqtt-mini.facebook.com CNAME mqtt-mini.c10r.facebook.com A 157.240.196.34"
"422","41396936.888173","0.254660","","10.42.0.196","21.39.237.198","UDP","86","4-UDP","UDP","64","21","","","","","","","37859  >  55072 Len=44"
"423","41396937.476126","0.587953","","10.42.0.196","21.39.237.198","UDP","86","4-UDP","UDP","64","21","","","","","","","37859  >  55072 Len=44"
"424","41396938.078319","0.602193","","10.42.0.196","21.39.237.198","UDP","86","4-UDP","UDP","64","21","","","","","","","37859  >  55072 Len=44"
"425","41396938.681303","0.602984","","10.42.0.196","21.39.237.198","UDP","86","4-UDP","UDP","64","21","","","","","","","37859  >  55072 Len=44"
"426","41396939.283140","0.601837","","10.42.0.196","21.39.237.198","UDP","86","4-UDP","UDP","64","21","","","","","","","37859  >  55072 Len=44"
"427","41396939.887091","0.603951","","10.42.0.196","21.39.237.198","UDP","86","4-UDP","UDP","64","21","","","","","","","37859  >  55072 Len=44"
"428","41396940.490158","0.603067","","10.42.0.196","21.39.237.198","UDP","86","4-UDP","UDP","64","21","","","","","","","37859  >  55072 Len=44"
"429","41396941.093050","0.602892","","10.42.0.196","21.39.237.198","UDP","86","4-UDP","UDP","64","21","","","","","","","37859  >  55072 Len=44"
"430","41396941.695074","0.602024","","10.42.0.196","21.39.237.198","UDP","86","4-UDP","UDP","64","21","","","","","","","37859  >  55072 Len=44"
"431","41396942.299188","0.604114","","10.42.0.196","21.39.237.198","UDP","86","4-UDP","UDP","64","21","","","","","","","37859  >  55072 Len=44"
"432","41396942.901275","0.602087","","10.42.0.196","21.39.237.198","UDP","86","4-UDP","UDP","64","21","","","","","","","37859  >  55072 Len=44"
"433","41396943.503416","0.602141","","10.42.0.196","21.39.237.198","UDP","86","4-UDP","UDP","64","21","","","","","","","37859  >  55072 Len=44"
"434","41396936.979876","-6.523540","","10.42.0.196","5.114.242.145","UDP","86","4-UDP","UDP","64","22","","","","","","","46577  >  32525 Len=44"
"435","41396937.576913","0.597037","","10.42.0.196","5.114.242.145","UDP","86","4-UDP","UDP","64","22","","","","","","","46577  >  32525 Len=44"
"436","41396938.179504","0.602591","","10.42.0.196","5.114.242.145","UDP","86","4-UDP","UDP","64","22","","","","","","","46577  >  32525 Len=44"
"437","41396938.781889","0.602385","","10.42.0.196","5.114.242.145","UDP","86","4-UDP","UDP","64","22","","","","","","","46577  >  32525 Len=44"
"438","41396939.384849","0.602960","","10.42.0.196","5.114.242.145","UDP","86","4-UDP","UDP","64","22","","","","","","","46577  >  32525 Len=44"
"439","41396939.988352","0.603503","","10.42.0.196","5.114.242.145","UDP","86","4-UDP","UDP","64","22","","","","","","","46577  >  32525 Len=44"
"440","41396940.592750","0.604398","","10.42.0.196","5.114.242.145","UDP","86","4-UDP","UDP","64","22","","","","","","","46577  >  32525 Len=44"
"441","41396941.194722","0.601972","","10.42.0.196","5.114.242.145","UDP","86","4-UDP","UDP","64","22","","","","","","","46577  >  32525 Len=44"
"442","41396941.795932","0.601210","","10.42.0.196","5.114.242.145","UDP","86","4-UDP","UDP","64","22","","","","","","","46577  >  32525 Len=44"
"443","41396942.397879","0.601947","","10.42.0.196","5.114.242.145","UDP","86","4-UDP","UDP","64","22","","","","","","","46577  >  32525 Len=44"
"444","41396943.002366","0.604487","","10.42.0.196","5.114.242.145","UDP","86","4-UDP","UDP","64","22","","","","","","","46577  >  32525 Len=44"
"445","41396943.603363","0.600997","","10.42.0.196","5.114.242.145","UDP","86","4-UDP","UDP","64","22","","","","","","","46577  >  32525 Len=44"
"446","41396938.197326","-5.406037","","10.42.0.196","10.42.0.1","DNS","83","7-DNS","UDP","64","23","","","","A (Host Address)","","0x6e44","Standard query 0x6e44 A youtubei.googleapis.com"
"447","41396938.982325","0.784999","0.784999000","10.42.0.1","10.42.0.196","DNS","83","7-DNS","UDP","64","23","","","","A (Host Address)","","0x6e44","Standard query response 0x6e44 Server failure A youtubei.googleapis.com"
"448","41396938.984926","0.002601","","10.42.0.196","10.42.0.1","DNS","83","7-DNS","UDP","64","10","","","","A (Host Address)","","0x6e44","Standard query 0x6e44 A youtubei.googleapis.com"
"449","41396944.232934","5.248008","5.248008000","10.42.0.1","10.42.0.196","DNS","83","7-DNS","UDP","64","10","","","","A (Host Address)","","0x6e44","Standard query response 0x6e44 Server failure A youtubei.googleapis.com"
"450","41396938.992966","-5.239968","","10.42.0.196","10.42.0.1","DNS","83","7-DNS","UDP","64","24","","","","A (Host Address)","","0x88d4","Standard query 0x88d4 A youtubei.googleapis.com"
"451","41396943.998128","5.005162","","10.42.0.196","10.42.0.1","DNS","83","7-DNS","UDP","64","24","","","","A (Host Address)","","0x88d4","Standard query 0x88d4 A youtubei.googleapis.com"
"452","41396944.233032","0.234904","0.234904000","10.42.0.1","10.42.0.196","DNS","83","7-DNS","UDP","64","24","","","","A (Host Address)","","0x88d4","Standard query response 0x88d4 Server failure A youtubei.googleapis.com"
"453","41396943.312287","-0.920745","","10.42.0.196","time.android.com","UDP","90","4-UDP","UDP","64","25","","","","","","","47092  >  ntp(123) Len=48"
"454","41396943.989389","0.677102","","10.42.0.196","10.42.0.1","DNS","83","7-DNS","UDP","64","26","","","","A (Host Address)","","0xf9db","Standard query 0xf9db A youtubei.googleapis.com"
"455","41396944.232994","0.243605","0.243605000","10.42.0.1","10.42.0.196","DNS","83","7-DNS","UDP","64","26","","","","A (Host Address)","","0xf9db","Standard query response 0xf9db Server failure A youtubei.googleapis.com"
"456","41396944.234921","0.001927","","10.42.0.196","10.42.0.1","DNS","83","7-DNS","UDP","64","27","","","","A (Host Address)","","0xf9db","Standard query 0xf9db A youtubei.googleapis.com"
"457","41396944.235030","0.000109","","10.42.0.196","10.42.0.1","DNS","83","7-DNS","UDP","64","28","","","","A (Host Address)","","0x773a","Standard query 0x773a A youtubei.googleapis.com"
